username;date;retweets;favorites;text;geo;mentions;hashtags;id;permalink
WiraTriaNita;08/11/2018 03:48;0;0;Aku udah bosan hidup disini (tanpa kamu) :');;;;1,06E+18;https://twitter.com/WiraTriaNita/status/1060272715783798784
_adamhaikalll;02/11/2018 23:29;0;0;Bosan siaa hidup aku sekarang;;;;1,06E+18;https://twitter.com/yiziaw/status/1060133981453078528
_lyadiana;06/11/2018 15:46;0;0;hidup dah cukup bosan;;;;1,06E+18;https://twitter.com/umyroooo/status/1060054540899086336
_syvfiq;07/11/2018 13:54;0;0;Bosan dengan hidup;;;;1,06E+18;https://twitter.com/AfiqahBorhan/status/1060052976797011969
_thesf6;27/10/2018 23:44;0;0;Bosan betul hidup ni;;;;1,06E+18;https://twitter.com/bangsad_am/status/1060048547154776065
AimanTheFury;20/10/2018 18:09;0;0;bosan lah hidup.;;;;1,06E+18;https://twitter.com/nralyanblh/status/1059540229860675584
aintjecniey;04/11/2018 09:52;0;0;bosan hidup;;;;1,06E+18;https://twitter.com/MadamAnna_/status/1059491064770260992
anaphylaxiz;16/10/2018 17:07;0;1;Aku dah la bosan dengan hidup aku;;;;1,06E+18;https://twitter.com/TobySpillsFear/status/1059243465303715840
aniqhaziqq;04/11/2018 11:32;2;0;Hidup aku ni bosan sebenarnya. Aku pun dah bosan dgn hidup aku;;;;1,06E+18;https://twitter.com/afiqrosman_/status/1059119464468246529
ayiimpala;28/10/2018 17:30;0;0;Bosan sial hidup;;;;1,06E+18;https://twitter.com/MINATOZAKIM2F/status/1058353427883782144
b4dshawty;06/11/2018 18:25;0;0;aku sumpah bosan hidup camni;;;;1,06E+18;https://twitter.com/yurquenn/status/1058313915329703937
bangsad_am;07/11/2018 12:57;0;0;Hidup yang membosankan, bosan yang menghidupkan;;;;1,06E+18;https://twitter.com/ernazira_/status/1058307662201245696
Bebelleyy;22/10/2018 22:21;0;0;Dah bosan sangat ke hidup;;;;1,06E+18;https://twitter.com/zuradora/status/1058238922369593345
daasnamia;27/10/2018 12:15;0;0;dah rasa bosan dengan hidup ke macam nana ni? hahaha;;;;1,06E+18;https://twitter.com/jhnsvncntttttt/status/1057104358691680256
dxnnyxfnxn;26/10/2018 21:54;0;3;bosan nye hidup aku haha;;;;1,06E+18;https://twitter.com/_thesf6/status/1056225097235582976
dynxmawar_;29/10/2018 14:28;0;0;bosan lah hidup mcm ni;;;;1,06E+18;https://twitter.com/adahashari/status/1056163255389839362
eazypzy_;28/10/2018 16:48;0;0;Bosan hidup;;;;1,06E+18;https://twitter.com/daasnamia/status/1056051728955564033
EdemDanial;22/10/2018 20:00;1;1;Bosan sia hidup ni;;;;1,06E+18;https://twitter.com/nayonteu/status/1055993591460327424
erinisgood;26/10/2018 23:11;1;0;Bosan lah hidup;;;;1,06E+18;https://twitter.com/Intand_4/status/1055796525152882691
fazirazmri;21/10/2018 16:00;0;1;aku bosan dngn hidup aku sendri;;;;1,06E+18;https://twitter.com/Choirur_Rizqi/status/1059995318580727809
fhmhhani;06/11/2018 19:53;0;0;bosan sial hidup aku hshshhshsh.;;;;1,06E+18;https://twitter.com/cicingik/status/1059794007125975040
fikrihoho;23/10/2018 01:43;0;0;Bosan betul hidup aku ni;;;;1,06E+18;https://twitter.com/LiaFaizah1999/status/1059605508573655041
firzznurisa;31/10/2018 17:43;0;0;Kenapa lah bosan sangat hidup saya ini;;;;1,06E+18;https://twitter.com/ayaindahlestari/status/1059496491117506561
frhsrya;03/11/2018 22:44;0;1;Dah bosan hidup macam ni;;;;1,06E+18;https://twitter.com/dasma_lizersta/status/1059418753065046016
ghinabilla;20/10/2018 00:41;0;0;bosan hidup;;;;1,06E+18;https://twitter.com/apanyasi/status/1059353714920579072
HazwanAtani;31/10/2018 18:26;0;1;Hidup ni memang bosan eh;;;;1,06E+18;https://twitter.com/bumblebeeyyy/status/1058719463292383232
huwikurniawan;23/10/2018 20:03;0;0;Bosan hidup seperti ini. Wkwkk;;;;1,06E+18;https://twitter.com/PatrixGombal/status/1058364148206133249
huwikurniawan;23/10/2018 14:29;0;0;Sudah bosan hidup;;;;1,06E+18;https://twitter.com/slmrvn_/status/1058313176847007744
icarrebian;17/10/2018 15:25;0;0;Sumpah bosan. Begini lagi begini terus. Hidup kayak ga ada semangatnya.;;;;1,06E+18;https://twitter.com/kiraintau/status/1058277682071273477
iNajahah_;31/10/2018 14:25;0;0;Bosan lah hidup. Taapi kalau mati pun dosa dah ls banyakkk -teya-;;;;1,06E+18;https://twitter.com/chikadlfr/status/1058067246482841600
incorrectpetot;21/10/2018 21:37;0;0;( menekan titik bosan dalam hidup. );;;;1,06E+18;https://twitter.com/noiire_/status/1058030555302776832
dududuIisa;24/10/2018 18:01;0;0;Suka berfikir bosan hidup;;;;1,06E+18;https://twitter.com/eazypzy_/status/1056482847702179840
itsmyyra_;26/10/2018 22:29;0;0;aku dah bosan la hidup;;;;1,06E+18;https://twitter.com/sriimawarnii/status/1057988823487893505
mahendra_3105;03/11/2018 22:11;0;0;Terasa bosan memang hidup sprti ini;;;;1,06E+18;https://twitter.com/Kinasih612/status/1055226137696067584
MasPaiiii;04/11/2018 18:08;0;0;aku bosan hidup ini, tp belum siap ...;;;;1,06E+18;https://twitter.com/whateveraiy/status/1060317148914962432
myswagye;03/11/2018 20:48;0;0;Merasa bosan dengan hidup yang seperti itu aja;;;;1,06E+18;https://twitter.com/muktiaw_/status/1060181963309346823
nayonteu;27/10/2018 08:24;0;0;Definisi bosan hidup.;;;;1,06E+18;https://twitter.com/viskaafy/status/1060179967676317697
nielcarchuck;30/10/2018 19:13;0;0;bosan hidup;;;;1,06E+18;https://twitter.com/vinnieriessa/status/1060163595625852930
nzlsyzwn_;06/11/2018 18:05;0;0;Bosan sangat ke hidup...;;;;1,06E+18;https://twitter.com/Tamaa_01/status/1060048769973051392
ohhijesss;25/10/2018 12:01;0;0;Bosan akan hidup ini. < pengangguran >;;;;1,06E+18;https://twitter.com/Charinanggreini/status/1060020143567192064
omsrmxn;22/10/2018 20:29;0;0;Aku bosan dengan hidup aku.;;;;1,06E+18;https://twitter.com/ka_ded/status/1060011566731485184
phobiatugas;21/10/2018 12:39;0;0;bosan hidup;;;;1,06E+18;https://twitter.com/Alvina_FM/status/1059862719447199744
PuteriAsmady;31/10/2018 12:57;0;0;bosan lah hidup;;;;1,06E+18;https://twitter.com/ayayayue/status/1059847491149918208
RPEWorld_;06/11/2018 21:15;3;1;/tlw/ boleh minta semangat nya, lagi2 saya merasa saya bosan hidup dan saya merasa sendiri .;;;;1,06E+18;https://twitter.com/Ferdians_syah/status/1059765908938190857
TaufikHSianipar;30/10/2018 19:30;0;0;Bosan hidup;;;;1,05E+18;https://twitter.com/mamad_dehdeh/status/1054033740723183620
tomatbeku;25/10/2018 07:02;0;0;bosan :( udahan sama hidup bisa ga ya;;;;1,05E+18;https://twitter.com/Rossie_Ap/status/1052676784229998592
wtfarra;03/11/2018 20:29;0;0;mati jelah. hidup pun bosan.;;;;1,06E+18;https://twitter.com/gimjunguwu/status/1059444478270832640
yoniardihusada;22/10/2018 19:03;0;3;Setelah bosan hidup di dunia, ternyata gue punya alergi terhadap plester luka;;;;1,06E+18;https://twitter.com/izzatiwahab98/status/1058002493626413056
Sany026_;09/10/2018 08:27;0;0;Bosan hidup;;;;1,05E+18;https://twitter.com/Sany026_/status/1049471384781500421
zrthsfy;06/11/2018 16:39;0;0;bosan hidup;;;;1,05E+18;https://twitter.com/seutlgie/status/1052560001414311937
GgTinju;07/11/2018 21:44;0;1;Kadang aku tak tahu harus mencari apa dalam hidup ini. Bahkan hal yg biasanya membuatku senang, sekarang sudah tidak berarti. Saat segalanya menjadi lebih mudah & tak harus mencucurkan seribu tetes keringat, yg tersisa hanyalah 'KEHAMPAAN'..;;;;1,06E+18;https://twitter.com/GgTinju/status/1060181169264705537
Hayatulhikmah10;07/11/2018 20:37;0;0;Kehidupan berubah di saat berumur 4 tahun. Semuanya kelam, hidup ini berasa tidak berarti apa2 lagi. Hanya diri sendiri yang tau kondisi hati, tak ada satu pun yang tau. Aku berdiri semampu ku dan menutupi semua kesedihan di hatiku dan sampai saat ini semuanya msh sprti dulu:';;;;1,06E+18;https://twitter.com/Hayatulhikmah10/status/1060164412537942017
_classyduck;05/11/2018 20:22;0;0;Dari hal yang sepele saja bisa menjadi seperti ini. Saya memang dituntut menjadi manusia yang sempurna. Seakan sebuah kesalahan kecil, berarti saya itu tidak pantas untuk hidup.;;;;1,06E+18;https://twitter.com/_classyduck/status/1059435788969041921
agung_yuuki;03/11/2018 22:25;0;0;saya mulai lupa cara menggambar, dan sempat berkeinginan berhenti total karena saya merasa tidak mendapatkan apa yang saya harap dan saya ingin dari dunia gambar malah seperti hidup saya tak berarti mungkin dunia... https://www.facebook.com/agungyuukihime/posts/2193035480715323 …;;;;1,06E+18;https://twitter.com/agung_yuuki/status/1058741971253161986
julius2itr;29/09/2018 18:56;0;0;Cari duit cara nya jangan gitu2 amat.... Emang takut miskin...kalo tetap idealis...gak juga. Jangan jual harga diri . Hidup tidak berarti lagi.;;;;1,05E+18;https://twitter.com/julius2itr/status/1046005786772529153
andikajojo951;04/09/2018 07:32;0;1;Hidup tidak berarti, tanpa Impian;;;;1,04E+18;https://twitter.com/andikajojo951/status/1036773984094670849
AhmoryP;12/08/2018 17:37;0;0;Hidup tidak berarti pic.twitter.com/Clfq1xr5Fe;;;;1,03E+18;https://twitter.com/AhmoryP/status/1028591304622596096
ParlantMalamen;17/07/2018 20:23;0;0;[ Hidup tidak berarti ];;;;1,02E+18;https://twitter.com/ParlantMalamen/status/1019211089907625985
pradipta19;06/07/2018 00:28;2;2;Terbiasa tidak mengikuti arus adalah tantangan besar bagi manusia yang ingin hidup tidak berarti. Terbiasa tidak mengikuti arus adalah kesempatan besar bagi manusia yang ingin hidup memberi arti.;;;;1,01E+18;https://twitter.com/pradipta19/status/1014924039532392448
adekkkk;10/06/2018 20:06;34;22;"Gadai nyawaku disini walau hidup tidak berarti tetap ku berdiri."" @ weareSOG // Si Pendosahttps://www.youtube.com/watch?v=ogMOZNFnBNg …""";;@;;1,01E+18;https://twitter.com/adekkkk/status/1005798268431790083
yasinmkarya;23/05/2018 12:16;0;0;Hidup tidak berarti selamat, mati tidak berarti celaka.;;;;9,99E+17;https://twitter.com/yasinmkarya/status/999157029791924224
RahilPuspa;30/04/2018 15:37;0;1;Hidup harus punya tantangan... Tanpa tantangan hidup tidak berarti...;;;;9,91E+17;https://twitter.com/RahilPuspa/status/990872828630089729
CR_Putrii;20/09/2018 20:53;0;0;Saya depresi;;;;1,04E+18;https://twitter.com/CR_Putrii/status/1042773676981071873
CR_Putrii;20/09/2018 20:53;0;0;Saya depresi berat;;;;1,04E+18;https://twitter.com/CR_Putrii/status/1042773650619871232
ycnghoon;20/09/2018 16:43;0;0;sudah konsultasi sama dosen psikolog dan dia bilang saya depresi sedang https://twitter.com/sheetposting/status/1042011061224755201 ;;;;1,04E+18;https://twitter.com/ycnghoon/status/1042710766921502720
lesbelsie;20/09/2018 03:12;0;0;Saya ga bilang saya achieve more than you have. Cuma karena saya punya fase depresi bukan berarti saya manusia tidak berdaya. Kamu ga tahu saya juga punya fase mania dimana saya bisa punya banyak ide-ide kreatif.;;;;1,04E+18;https://twitter.com/lesbelsie/status/1042506793375522816
lesbelsie;20/09/2018 02:52;0;1;Jadi gini lho, mas, mbak. Hanya karena saya punya fase depresi, bukan berarti saya hidup sengsara. Hanya saja terkadang hal kecil bisa membuat saya overthink dan sedih. Saya ga perlu rasa kasihan kamu. Apalagi sampe bilang saya trashy. Achievement saya sama kamu beda.;;;;1,04E+18;https://twitter.com/lesbelsie/status/1042501774806941696
lilgrlz;18/09/2018 19:20;0;0;Ternyata saya termasuk orang depresi.....;;;;1,04E+18;https://twitter.com/lilgrlz/status/1042025629821022208
novitamahiroh;18/09/2018 19:02;0;0;setelah mengalami depresi yang menyebabkan saya tak nafsu makan, akhirnya kini saya jadi kalap kalo makan, Alhamdulillah akhirnya doyan makan pic.twitter.com/iwZ2qhKyrk;;;;1,04E+18;https://twitter.com/novitamahiroh/status/1042021088840962048
Zuherooo;18/09/2018 00:15;0;0;Saya sudah pernah masuk masa insecure sama penilaian org lain, takut salah dan jadi gak enakan. hasilnya malahan jadi overthinking bahkan depresi kepikiran apa yg dilakukan sampe orang bersikap gitu. Bahkan pernah ditolak perempuan karena dia sebel aku dikit dikit minta maaf (1);;;;1,04E+18;https://twitter.com/Zuherooo/status/1041737491949092865
fransiskamarse3;17/09/2018 01:29;0;2;Terima kasih semangatnya. Sangat membantu dan menenangkan saya yg sering depresi. Thanks so much @ BTS_AHC_IDN @ BTS_twt;;@ @;;1,04E+18;https://twitter.com/fransiskamarse3/status/1041393706002112512
JohanaKriesta;16/09/2018 21:02;4;4;"Masalahnya kadang ketika saya nangis2 ke mereka, mereka bingung kudu apa. Lha saya yg nangis aja bingung kenapa mendadak gloomy. Trus kalo saya bilang ""Aku depresi."" Mereka dengan entengnya jawab, ""Halaaaah. Kamu depresi apasih ? Kek ABG labil aja."" Sedih akutuh, dok";;;;1,04E+18;https://twitter.com/JohanaKriesta/status/1041326475306184704
ourbongjae;16/09/2018 12:55;0;0;Yaampun,saya jadi depresi;;;;1,04E+18;https://twitter.com/ourbongjae/status/1041203936319819776
claudiastin;16/09/2018 02:10;0;0;You're not alone. Iya saya juga lagi stress, depresi But dear, kamu gamau kan makin jadi beban buat ortu? Bayangin betapa sedihnya mereka kalau kamu gaada Sama2 semangat yuk jangan nyerah;;;;1,04E+18;https://twitter.com/claudiastin/status/1041041644907188224
sdynai;16/09/2018 01:25;0;0;Setertutup-tertutupnya orang, pasti ttp butuh teman ngobrol. Tuhan menyelamatkan saya dr depresi.;;;;1,04E+18;https://twitter.com/sdynai/status/1041030202879442944
arifauzis;15/09/2018 10:14;0;0;Otak dan fisik saya mati rasa... Saya depresi berat, saat berjalan tatapan saya kosong melongpong. Beberapa bulan saya mengucilkan diri saya dari keluarga dan teman2 saya... Setiap hari keluarga saya berusaha menghubungi saya, tapi tidak ada satupun yg saya tanggapi;;;;1,04E+18;https://twitter.com/arifauzis/status/1040800922815746048
arifauzis;15/09/2018 10:06;0;0;Saat ini lah titik terendah semasa hidup saya, jiwa dan otak saya tiap hari mendidih..mempertanyakan sebenernya siapa saya? Apa yg bisa saya lakukan? Saya depresi karena diri sendiri... pekerjaan saya amburadul, bahkan saya tidak bisa berpikir atau melakukan hal kecil...;;;;1,04E+18;https://twitter.com/arifauzis/status/1040799037312495617
xiapasih;14/09/2018 23:40;0;0;Hidup yg menekan mmbuat saya tidak hanya mnyalahkan diri sendiri tapi juga org lain d sekitar saya, Maaf. Depresi n lelah ini mustahil utk bs saya pikul sendiri.;;;;1,04E+18;https://twitter.com/xiapasih/status/1040641341321994240
sembadass;13/09/2018 02:11;0;0;Saya sih sadar lg depresi;;;;1,04E+18;https://twitter.com/sembadass/status/1039954599908728835
Farratiaw;11/09/2018 12:18;0;0;Om saya depresi. Mohon pencerahannya;;;;1,04E+18;https://twitter.com/Farratiaw/status/1039382569526091777
Faraaah_F;11/09/2018 01:18;0;0;saya juga dulu sempat depresi dan ada pikiran buat bunuh diri. dan yg saya butuhin disitu bukan sekedar pelukan apalgi cuma virtual doang. yg saya butuhkan disitu motivasi dan alasan kenapa saya harus tetap hidup. makanya saya bisa ngasih argumen bukan asal bilang gitu aja.;;;;1,04E+18;https://twitter.com/Faraaah_F/status/1039216459698696192
ShanoSenda;11/09/2018 00:15;0;0;Huft... Depresi saya ngurus begini doang sedih dah ah;;;;1,04E+18;https://twitter.com/ShanoSenda/status/1039200645432016902
sailorzombie608;10/09/2018 21:36;0;0;Kayaknya hidup saya 24/7 depresi. pic.twitter.com/uas1WsyeD4;;;;1,04E+18;https://twitter.com/sailorzombie608/status/1039160648087691264
pvtik;10/09/2018 22:32;1;3;The last. Saya tidak malu pernah mengalami depresi, pernah cutting, dan pernah terbesit ingin bunuh diri. Saya malah bersyukur, karena ketika saya tersadar, saya jadi bisa lebih mensyukuri hidup. # HariPencegahanBunuhDiri;;;#;1,04E+18;https://twitter.com/pvtik/status/1039174766668595200
leveniamarta;10/09/2018 18:37;0;0;Apa lebih baik saya mati? Kerja ndak dapat-dapat, stress berat, siklus haid berantakan sejak lulus kuliah. AKU JUGA BISA DEPRESI;;;;1,04E+18;https://twitter.com/leveniamarta/status/1039115637228855296
bukangitasav;10/09/2018 01:54;0;0;Maaf saya depresi, bukan kesepian.;;;;1,04E+18;https://twitter.com/bukangitasav/status/1038863336358666240
ElsaKonachan;09/09/2018 15:05;0;0;Saya stress dengan sistem pengajaran sekarang..., membuat saya frustasi dan depresi.., saya ingin menjadi remaja bahagia namun selalu saja saya dibayangi rasa depresi yg berkepanjangan krn sekolah :'( @ Kemdikbud_RI;;@;;1,04E+18;https://twitter.com/ElsaKonachan/status/1038700018394267648
zaki_amani;09/09/2018 12:01;0;0;Saya depresi;;;;1,04E+18;https://twitter.com/zaki_amani/status/1038653616481943552
anonimlyfe;07/09/2018 21:04;0;0;Melihat tanda2 depresi ringan, sepertinya saya dlm masa itu;;;;1,04E+18;https://twitter.com/anonimlyfe/status/1038065581994340352
ARINxTN;07/09/2018 20:59;0;0;saya depresi;;;;1,04E+18;https://twitter.com/ARINxTN/status/1038064119880937472
12am12am12am;05/09/2018 20:57;0;0;saya depresi dan saya menyerah.;;;;1,04E+18;https://twitter.com/12am12am12am/status/1037339015215607808
chintiadeap_;27/08/2018 21:06;0;0;Stress berkepanjangan membuat saya depresi;;;;1,03E+18;https://twitter.com/chintiadeap_/status/1034079630645325824
rotitawarmanis;19/08/2018 19:37;0;0;depresi saya;;;;1,03E+18;https://twitter.com/rotitawarmanis/status/1031158148151664640
osehuncn;13/08/2018 19:16;1;0;Sabar ya, saya jg pernah depresi capek sm hidup saya. Tidur aja dulu atau klo ngomel2 di twt bikin kamu lega ya gpp silahkan. Tetap semangat, semoga bsk jd lebih baik lg ya;;;;1,03E+18;https://twitter.com/osehuncn/status/1028978721909178368
dinadianne;13/08/2018 11:14;0;0;Saya ada indikasi stress, depresi, atau gila;;;;1,03E+18;https://twitter.com/dinadianne/status/1028857291271888896
urjenniee;03/08/2018 21:56;0;0;Saya depresi;;;;1,03E+18;https://twitter.com/urjenniee/status/1025394885262635014
ZanuarMajid;27/07/2018 23:03;0;0;Saya mulai bangkit dari depresi, saya mulai kehidupan dari titik 0 lagi. Seperti itulah saya sekarang. Mulai dari pernah tidak percaya akan Tuhan, dan sekarang Tuhan memberi saya petunjuk bahwa dia ada, dia peduli, dia sayang kepada umatnya.;;;;1,02E+18;https://twitter.com/ZanuarMajid/status/1022875069889044486
kayaneato;27/07/2018 20:07;0;0;Habis baca ini saya ingin menyakiti diri sendiri, depresi hebat;;;;1,02E+18;https://twitter.com/kayaneato/status/1022830950877552640
phoerange;25/07/2018 08:24;89;46;Saya penyintas bunuh diri, depresi, dan trauma. Apa yang saya lihat beberapa hari ini di linimasa Twitter mengkonfirmasi betapa tidak peduli dan jahatnya kita sebagai manusia terhadap penderitaan orang lain.;;;;1,02E+18;https://twitter.com/phoerange/status/1021929201866235904
LaurentiusSoul;22/07/2018 19:57;0;0;Saya shock,panik, depresi,,harus gimana lagi iki;;;;1,02E+18;https://twitter.com/LaurentiusSoul/status/1021016278402707463
_xx0613;30/10/2018 08:24;0;0;ini salah, itu salah. ingin nangis. ingin mati.;;;;1,06E+18;https://twitter.com/maman0K/status/1060045575893053440
_yuxixx;30/10/2018 09:42;0;0;Ya.. gue sering merasa sangat down. Dan ingin mati.;;;;1,06E+18;https://twitter.com/martinagitaap/status/1059989533079461889
abdulahhanafi07;07/11/2018 20:53;0;0;Saking sepinya hati ini mulai mati dan tak ingin hidup;;;;1,06E+18;https://twitter.com/nurainshukree/status/1059899335058440192
abdullahnurdien;27/10/2018 23:09;0;0;Ngga. Mau mati aja :( Ingin kuteriak, haruskah aku menyayat nadi ini agar dia notis aku;;;;1,06E+18;https://twitter.com/mini_gates/status/1059819353250639872
alfiantg;03/11/2018 10:19;0;0;semalem alfian ingin mati rasanya;;;;1,06E+18;https://twitter.com/rumputnct127/status/1059403134689144832
Alfirusdiati_;04/11/2018 05:53;0;0;Selamat pagi. Aku rindu memeluk diriku sendiri. Sungguh rasanya ingin mati;;;;1,06E+18;https://twitter.com/Wannnnn_/status/1059387416228708352
anjaniiika;29/10/2018 11:53;0;0;jam 11:52 am di aula ursula, bosan, ingin pulang, dan mati sekarang juga;;;;1,06E+18;https://twitter.com/athorohh/status/1059063477573054464
apanyasi;05/11/2018 14:56;0;0;aku ingin mati, ya Allah;;;;1,06E+18;https://twitter.com/MasPaiiii/status/1059039605737971713
astrianihrvna;06/11/2018 20:59;0;0;Rasanya ingin mati saja.;;;;1,06E+18;https://twitter.com/mahendra_3105/status/1058738564186296320
ayaindahlestari;06/11/2018 00:23;0;0;rasanya ingin MATI aja;;;;1,06E+18;https://twitter.com/Erwin98398998/status/1058546218731630592
bucinnyaPTG;03/11/2018 21:05;0;0;rasanya ingin mati aja, tapi kalo aku mati siapa yang bakal....peduli? Wkwk. https://twitter.com/tubirfess/status/1058720480247468033 …;;;;1,06E+18;https://twitter.com/HazwanAtani/status/1057594613400125440
bumblebeeyyy;03/11/2018 20:56;0;0;ingin mati saja..;;;;1,06E+18;https://twitter.com/intansuriia/status/1057588296275025924
chikadlfr;02/11/2018 01:44;0;0;rasa ku ingin lenyap, tak lagi pandangan ku tancapkan. tak ada arus angin atau rintik hujan bahkan gelombang suara apapun, rasa mati ku harap harap datang;;;;1,06E+18;https://twitter.com/Haiwildo/status/1057284856315400192
Chaturhanii_;01/11/2018 00:53;0;0;Sekeras apapun kau berusaha. Jika hanya satu pedal yang mampu tergoes maka sepeda pun akan terjatuh. Hanya ada 2 pilihan sengsara dengan perjuangan atau mati sengsara karena menyerah. Lalu masihkah kau ingin lanjut? Setidaknya kau sudah berusaha.;;;;1,06E+18;https://twitter.com/adni_aishah/status/1057301727739691008
cicingik;06/11/2018 20:05;0;0;rasanya ingin mati saja;;;;1,06E+18;https://twitter.com/nielcarchuck/status/1057244046630969344
dasma_lizersta;05/11/2018 19:14;0;0;Ingin Mati tapi Takut Bunuh diri krna takut Dosa...;;;;1,06E+18;https://twitter.com/tooturntfeek/status/1056985276080259072
Delia92075825;29/10/2018 14:56;0;0;Rasanya aku ingin mati..;;;;1,06E+18;https://twitter.com/ElFathaawy/status/1056929386228670464
Domnquecin;30/10/2018 20:24;0;0;Kalian tau, gua ini gak suka banget sama org yang bilang begitu bercanda. Kalo gtu rasanya ingin beneran mati aja karena ya lu percuma gak di hargai kan di hidup ini ? :);;;;1,06E+18;https://twitter.com/Laila_Devy/status/1056551121664204800
Dyata_;31/10/2018 17:08;0;0;... ingin mati saja.;;;;1,06E+18;https://twitter.com/imranyuri/status/1056186190502649856
DyLanveno18;04/11/2018 01:21;0;0;Dengarkan rasa sakitmu, keduanya adalah sejarah dan peramal. Penderitaan akan mengajarkan kita akan jadi apa. Kadang begitu buruk, rasanya ingin mati saja. Tapi kita tak sungguh hidup sampai merasakan sedikit kematian. # fuck # fuckoff;;;;1,06E+18;https://twitter.com/ardiansyah_why/status/1056173867771654144
Erwin98398998;03/11/2018 09:27;0;0;Aku hanya ingin lebih baik dari aku yang dulu. Entah segalanya terasa melelahkan. Terasa bosan dan serasa hampir mati. Namun hidup itu juga akan datang. Ini hanya soal waktu.;;;;1,06E+18;https://twitter.com/ohhijesss/status/1055323474527305729
Faridaaee;27/10/2018 19:45;0;1;Semakin mati matian ingin bahagia dan dicintai, justru semakin kesepian .;;;;1,06E+18;https://twitter.com/Syfkhrnns/status/1060124269143777281
fatih_ardy;28/10/2018 22:17;0;1;Jika terjadi yang demikian rasa nya ingin mati cepet-cepet Ini pengorbanan apa kebodohan??? #;;;;1,06E+18;https://twitter.com/jaehyunieo/status/1060117283069059072
fnawwarah;02/11/2018 11:50;0;1;Depresi: Terpuruk Rasa Ingin Mati;;;;1,06E+18;https://twitter.com/PinokioKBJG/status/1059426631205318656
hryraphl;01/11/2018 21:42;11;35;Saya mahu mati tapi masih ingin hidup. Macam mana itu;;;;1,06E+18;https://twitter.com/alfiantg/status/1058559326262939648
hujanbulantujuh;28/10/2018 15:35;0;0;Ingin mati;;;;1,06E+18;https://twitter.com/ErdoRilley/status/1058534454124105728
ibnutazqia;25/10/2018 09:11;0;0;berkutik dengan depresi akhir akhir ini sampai benar benar ingin mati. ah aku butuh teman.;;;;1,06E+18;https://twitter.com/raffiandarujati/status/1058298583923871744
jaehyunieo;07/11/2018 17:30;0;0;Astaga, ingin mati ));;;#;1,06E+18;https://twitter.com/niko_punkpsycho/status/1057757024329428992
Jagoanmantan;03/11/2018 12:53;0;2;Jika ku ingin berterima kasih, aku berterima kasih kepada mati. Hanya itu caraku menghilang dan tak membebani.;;;;1,06E+18;https://twitter.com/Chaturhanii_/status/1057692157765513216
jen_anbar;01/11/2018 16:38;0;0;Ku ingin mati saja tidur selamanya daripada ku tak dapat bercerita kepada siapapun, ternyata ini menyiksa...;;;;1,06E+18;https://twitter.com/sisil979/status/1057527274315096064
jimsnoona;30/10/2018 10:08;0;0;"Sesuai dgn diriku yg sangat ingin mati, tapi justru malah perasaan yg mati di tmpt keramaian.""";;;;1,06E+18;https://twitter.com/muthiaabcd/status/1057284640384311296
jiowoong;03/11/2018 17:21;0;0;INGIN MATI;;;;1,06E+18;https://twitter.com/Domnquecin/status/1057261906539368449
kartikafriyeni;04/11/2018 20:54;0;0;Lelah karna aktivitas boleh, lelah hidup sampai-sampai ingin mati kalau bisa, jangan. Kalau pernah terucap, percayalah, mungkin aku cuma bercanda, mungkin.;;;;1,06E+18;https://twitter.com/bijikambingg/status/1056893301834432512
Kinasih612;25/10/2018 05:34;0;0;Pagi... Yaa pagi yang terbalut luka hati... Dan rasa ingin Mati.;;;;1,06E+18;https://twitter.com/anjaniiika/status/1056771030318903296
LiaFaizah1999;06/11/2018 07:36;0;0;Seperti dibunuh namun tak mati mati Aku ingin waras dari kegilaan ini;;;#;1,06E+18;https://twitter.com/Slametriyaditan/status/1056140151238230016
lintangawwalus;01/11/2018 16:42;0;0;Sinarku seperti ingin mati, meredup perlahan;;;;1,06E+18;https://twitter.com/rantajahaha/status/1056085070941892609
longscenario;31/10/2018 21:33;0;0;Saya malah ingin mati cepat;;;;1,06E+18;https://twitter.com/xxxMilannnn_/status/1056081417707241472
lovyupakde;03/11/2018 13:49;0;0;Ingin mati hari ini;;;;1,06E+18;https://twitter.com/ysmnxlbs/status/1055998555188424704
lovyupakde;01/11/2018 10:22;0;0;Kadang aku ingin mati kadang aku ingin punya rumah sendiri di atas bukit dan menjadi petani.;;;;1,06E+18;https://twitter.com/akronimsasi/status/1055875997390663680
marysjeremia;25/10/2018 02:21;0;0;Ingin mati saja;;;;1,06E+18;https://twitter.com/zeroffour/status/1060313493818097664
meireza_dwiputr;01/11/2018 09:41;0;0;Ingin ku mati saja.;;;;1,06E+18;https://twitter.com/gisulmu/status/1060247965124583424
maudlinmacbeth;27/10/2018 22:37;0;0;Membuat ku terpuruk rasa ingin mati # ent # oph;;;;1,06E+18;https://twitter.com/Tamaa_01/status/1060260158578651136
MezDoang;05/11/2018 11:28;0;0;mood ingin mati ini selalu nongol ketika saya sendiri. Jadi kadang-kadang teman saya suka menyemangati saya dgn jokes kalo sy mati nanti ga bs lihat One Piece tamat, tp kadang sy pun mikir apa bisa sy masih bertahan 2 tahun kedepan?;;;;1,06E+18;https://twitter.com/rezkysambas/status/1060242818411585536
MezDoang;05/11/2018 11:27;0;0;gw ga ada uang, gw ga pny tujuan hidup, udah beberapa kali terbesit keinginan buat mati, yg lebih parah mood itu kadang muncul kadang hilang, kalau muncul benar2 rasanya bisa nekat, krn kepala rasanya stress berat sampe ingin muntah, nangis sendirian dikamar dan yg lbh repot;;;;1,06E+18;https://twitter.com/momou/status/1060241233803534336
MINATOZAKIM2F;02/11/2018 20:41;0;0;Ayo dong bikin aku cepat mati lagi bosan hidup.;;;;1,06E+18;https://twitter.com/osehint/status/1060227646146019328
mingyublood;31/10/2018 08:39;0;0;Ini saking capenya udah kaya hidup segan mati pun tak ingin.;;;;1,06E+18;https://twitter.com/TheFallenCupid/status/1060226769872084992
mini_gates;06/11/2018 21:46;0;0;mungkin bisa di bilang ini adalah hidup tersial dan terkampret yg pernah kurasakan. rasa muak bosan jenuh dan lelah ini membuatku ingin mati tampa perduli tetang apapun itu.;;;;1,06E+18;https://twitter.com/jarwo9999/status/1060222639740841984
MsEska;24/10/2018 10:35;3;4;Waktu saya umur 13tahun pernah mencoba bunuh diri. Yup. Bukan karena saya ingin mati. Saya hanya ingin menghukum orang yang menyakiti hati saya. Saya pikir orang itu akan menyesali tidak hanya kata2nya, tetapi juga hidupnya.;;;;1,06E+18;https://twitter.com/NKusumawardani_/status/1060214920552243200
Mutekondria;07/11/2018 20:46;0;0;Stress, emosi tidak stabil, dan ingin mati saja.;;;;1,06E+18;https://twitter.com/SEULGI7s/status/1060202453595906048
muthiaabcd;30/10/2018 21:54;0;0;Rasa ini menyiksaku, menyiksa setengah mati. Kadang ingin kuakhiri ini sampai disini...;;;;1,06E+18;https://twitter.com/greffinder/status/1060191118430597122
afridasiagian;07/11/2018 15:46;0;0;Hujan jangan pergi. Aku kesepian.;;;;1,06E+18;https://twitter.com/kseoIhyeon/status/1059643988448145408
akbaar__;06/11/2018 19:31;0;0;Bukan ku mengeluh hanya saja terkadang sulit mengatasi kesepian.;;;;1,06E+18;https://twitter.com/esydrn/status/1059436884227571712
alfers78785845;08/11/2018 00:16;0;0;kesepian;;;;1,06E+18;https://twitter.com/mxdeehx/status/1059410965375008768
Alvina_FM;07/11/2018 00:41;0;0;Kesepian mengajarkanku makna hidup: Sejatinya kita sendirian, lahir sendiri, berjuang sendiri, mati sendiri. Diluar sana, aku melihat orang-orang begitu bergantung pada cinta pasangannya. Lalu mereka tersakiti, mencari cinta yang baru, tersakiti dan mencari cinta yang baru.;;;;1,06E+18;https://twitter.com/SiTiyrah/status/1059367176262443008
Alvina_FM;07/11/2018 00:38;0;0;Kesepian membantuku menemukan diriku: Lebih banyak waktu sendiri, mencari hobi-hobi baru, melakukan hal-hal baru, menemukan hal apa yang aku suka. Menjadikannya pekerjaan, menulis hal-hal seperti ini.;;;;1,06E+18;https://twitter.com/heyitsaiinnn/status/1059339329946869760
Alvina_FM;07/11/2018 00:35;0;0;Orang-orang bilang aku anti sosial. Sebenarnya aku ingin membaur. Aku seperti orang yang tak tahu kemana harus pulang. Teman serasa jadi formalitas. Jadi aku berjalan sendirian bersama kesepian sang teman lama.;;;;1,06E+18;https://twitter.com/EvaWidia19/status/1059252257651216384
AnnisaDualima;07/11/2018 21:46;0;0;yah gimana ga iri, aku selalu kesepian. tiap hari. kdng mnghrap ssorg, tp ga ad yg peka. dg alasan aku monoton, ga asik.;;;;1,06E+18;https://twitter.com/AfiqahBorhan/status/1059058122981920769
atrenal;06/11/2018 19:59;92;102;terkadang, aku benci hujan. wanginya selalu mengingatkan bahwa aku sedang kesepian.;;;;1,06E+18;https://twitter.com/wtfarra/status/1058712741001682944
awnandhita;06/11/2018 20:12;0;0;Ada kalanya aku merasa tidak punya apa-apa, selain kesepian. https://twitter.com/zarryhendrik/status/1059789346520236032 …;;;;1,06E+18;https://twitter.com/ikarzliii/status/1058602288204328960
ayayayue;06/11/2018 23:38;0;0;"Setiap kali aku kesepian, kehilangan arah dihidupku, melupakan mimpiku atau ketika aku mengambil jalan yg salah, kau selalu disisiku. Hwang Wooyeon, terimakasih banyak.""""";;;;1,06E+18;https://twitter.com/_adamhaikalll/status/1058395569649987585
blxxmlikearose;06/11/2018 23:45;0;0;Punya temen banyak. Ga ngefek. Tetep aja kesepian;;;;1,06E+18;https://twitter.com/Nett82076390/status/1057965238790672385
BORAMTAC;06/11/2018 18:58;0;0;saya merasa aura kesepian;;;;1,06E+18;https://twitter.com/effyz__/status/1057960117897846784
bosshanyu;06/11/2018 22:38;0;0;Sure ge, saya kesepian..;;;;1,06E+18;https://twitter.com/ItsYayaShahar/status/1057952111747420160
brwktmvn;07/11/2018 23:52;0;0;Kesepian ditengah keramaian;;;;1,06E+18;https://twitter.com/vosbebe/status/1057715865603387392
bunnycanada;06/11/2018 11:55;0;0;Ya Allah kesepian;;;;1,06E+18;https://twitter.com/firzznurisa/status/1057583873154895874
cantiwk;06/11/2018 18:45;0;0;Kesepian..;;;;1,06E+18;https://twitter.com/iNajahah_/status/1057533886190809088
chaeyewn;06/11/2018 15:35;0;0;Aku tau rasanya kesepian soalnya;;;;1,06E+18;https://twitter.com/PuteriAsmady/status/1057511947552391170
Charinanggreini;07/11/2018 11:04;0;0;kok aku kesepian ya padahal lagi rame rame;;@;;1,06E+18;https://twitter.com/Rolisupiawan/status/1057494638712549377
dhaniarsvtri;06/11/2018 11:30;2;2;pernah ga si ngerasa kesepian banget, padahal disekeliling kita banyak yg nemenin kita tapi tetep aja ngerasa hampa;;;;1,06E+18;https://twitter.com/wafiyroslee13/status/1056882692669693953
dheynarz;06/11/2018 13:32;0;0;Kesepian sendiri.;;;;1,06E+18;https://twitter.com/awmentos/status/1056879451273756672
dickyprayogi999;06/11/2018 17:30;0;0;Canggung dalam keramaian, damai dalam kesepian;;;;1,06E+18;https://twitter.com/dynxmawar_/status/1056809878121984006
fdariansya;07/11/2018 23:12;0;0;Menyukai kesunyian, membenci kesepian.;;;#;1,06E+18;https://twitter.com/shalleybybera/status/1059970514406510593
febyraisa;06/11/2018 16:33;1;1;Kesepian;;;;1,06E+18;https://twitter.com/mavellisc/status/1059833399827808258
Ferdians_syah;06/11/2018 18:14;0;0;Kesepian diantara rutinitas~;;;;1,06E+18;https://twitter.com/astrianihrvna/status/1059807534410752000
Fitri_erni;05/11/2018 23:51;0;0;Terkadang memang merasa sangat kesepian;;;;1,06E+18;https://twitter.com/Upiprima_/status/1059432958359068672
FU_Lucas99;06/11/2018 20:19;0;0;Temani aku, aku kesepian;;;;1,06E+18;https://twitter.com/sbnmldn/status/1059398736730763264
gisulmu;08/11/2018 02:09;0;0;mata tidur, bantal terjaga. aku terlibat kesepian, tanpa senjata.;;;;1,06E+18;https://twitter.com/kartikafriyeni/status/1059081575776772098
godxxx_;07/11/2018 17:42;0;0;Ini aku lagi kesepian dong;;;;1,06E+18;https://twitter.com/chroectopus/status/1059015977399009280
greffinder;07/11/2018 22:23;0;0;Aku dikelilingi banyak orang tapi aku kesepian;;;;1,06E+18;https://twitter.com/sxlverwitch/status/1058946206024396800
greffinder;07/11/2018 22:21;0;0;Kukira aku galau galau karena apa ternyata aku kesepian;;;;1,06E+18;https://twitter.com/Alfirusdiati_/status/1058854613741256705
hard_hand;06/11/2018 17:19;0;0;Iyo lah, kesepian dan depresi itu teman lama ku juga :);;;# #;1,06E+18;https://twitter.com/DyLanveno18/status/1058786164914585600
HeyitsSasuke;06/11/2018 13:31;0;0;Bagiku kesepian dan penderitaan adalah teman;;;;1,06E+18;https://twitter.com/rhena_queen2/status/1058667425766371328
hujanabu_a;06/11/2018 13:59;0;0;Dalam keramaian ku merasakan kesepian.;;;;1,06E+18;https://twitter.com/Erwin98398998/status/1058546218731630592
IMxKKW;06/11/2018 20:36;0;0;Gua udah gak tahan dengan kesepian ini;;;;1,06E+18;https://twitter.com/tanwirulmanarR/status/1058065114237030400
jarwo9999;08/11/2018 00:29;0;0;Kesepian;;;;1,06E+18;https://twitter.com/Nayaynay/status/1057607698315759617
jeenirubyjane;06/11/2018 19:01;0;0;saya merasa saya kesepian;;;;1,06E+18;https://twitter.com/Dyata_/status/1057575013887295488
Joe_1881;07/11/2018 23:21;0;0;Tiba-tiba saja rasa kesepian..;;;;1,06E+18;https://twitter.com/Thian05001084/status/1057234954839445505
jovv68;06/11/2018 00:07;0;1;jadi aku di sekolah itu jujur aja kesepian.. punya temen paling satu dua orang, jujur aja bosen ya.. aku ngeliat temen2 aku pada bikin projek semua, ya mau buka booth bazaar bareng lah, ada yang bikin clothing line bareng, ada yang bikin projek rescue anjing bareng, etc.;;;;1,06E+18;https://twitter.com/jimsnoona/status/1057107019864391680
jovv68;06/11/2018 00:10;0;1;aku ngerasa kesepian kyk, aduh aku tuh mau dong bikin projek bareng temen2.. tapi karena aku gak punya temen di sekolah, aku cari temen2ku yang lain, yang seru banget, bisa diajak ngobrol, inclusive, friendly, baik banget, lucu2, yaitu temen2 joyful;;;;1,06E+18;https://twitter.com/_yuxixx/status/1057100364967636994
julianathaniaa;07/11/2018 00:58;0;0;Dan saya ada di posisi kesepian.;;;;1,06E+18;https://twitter.com/_xx0613/status/1057080811227410436
JUNHOEKI;07/11/2018 20:33;0;0;Gue kesepian;;;;1,06E+18;https://twitter.com/oktavinaprwtsr/status/1056935194941304833
ka_ded;07/11/2018 10:30;0;0;Gue cuma pengen sendiri. Bener-bener sendiri, sampai saatnya gue kesepian, banget.;;;;1,06E+18;https://twitter.com/NatrishaLeandra/status/1056904813856735234
kchaeworns;07/11/2018 17:48;0;0;aku tuh kesepian.;;;;1,06E+18;https://twitter.com/Delia92075825/status/1056816958492966913
kwonbizone;07/11/2018 22:02;0;0;Kesepian dalam keramaian;;;;1,06E+18;https://twitter.com/peaceminusdeux/status/1056519985785266176
laikumanlin;07/11/2018 21:43;1;0;- Diriku kesepian -;;;;1,06E+18;https://twitter.com/abdullahnurdien/status/1056216237317873664
LKalung;07/11/2018 21:44;0;3;Sy tertawa dalam kesepian...;;;;1,06E+18;https://twitter.com/rantajahaha/status/1056084966746972161
m_rifqiazhari;07/11/2018 09:15;0;0;kesepian rasanya, sendiri itu gak enak :(;;;;1,06E+18;https://twitter.com/rayemarten/status/1055779872046370816
MadaTamvans;08/11/2018 02:36;0;0;"Aku mengakui bahwa kau kuat, karena kau orang yang tahu akan rasa sakit karena kesepian, seperti diriku. Dan rasa sakit itulah yang membuat seseorang menjadi kuat.""""";;;;1,06E+18;https://twitter.com/putrilim/status/1055606608158326785
madebybigbang;07/11/2018 14:56;0;0;Mau beli keramaian, karena selalu kesepian :(;;;;1,06E+18;https://twitter.com/ibnutazqia/status/1055280605372407808
MahraniSiregar_;06/11/2018 20:06;0;0;Ada hal hal tertentu yang dapat menyinggung kesepian ku..;;;;1,06E+18;https://twitter.com/theninth_/status/1055099157432610817
eggsotrash;08/11/2018 06:02;0;0;lelah hidup di keluarga yg toxic.;;;;1,06E+18;https://twitter.com/eggsotrash/status/1060306606301208576
faisalhasibuan9;07/11/2018 19:41;0;0;Rasa murung, jenuh, dan lelah menghantui hati ini... Bahkan masalah sex pun aku tak selera sedikitpun... Belakangan ini aku menjalani hidup ini dengan senyum-senyum palsu...;;;;1,06E+18;https://twitter.com/faisalhasibuan9/status/1060150189653028864
celestilla_;07/11/2018 13:57;0;0;Hah. Lelah banget hidup.;;;;1,06E+18;https://twitter.com/celestilla_/status/1060063733148315648
titanurmala;07/11/2018 09:56;0;0;Ketika sadar dan ingat soal yang barusan. Sadar betapa cuma sejengkalnya antara hidup dan mati. Aneka ragam perasaan akan menyeruak secara otomatis. Entah itu perasaan lelah, sendiri, menyesal, nggak berguna, dan lain-lain. Di situ lah manusia biasanya rindu dengan Tuhannya.;;;;1,06E+18;https://twitter.com/titanurmala/status/1060003039484948480
baekhunts;07/11/2018 07:07;0;0;Gua mau ke dokter tanyain kondisi gua tp kok gua takut hasilnya sama kaya 5tahun lalu. Hidup gua bergantung obat trus lelah hayati //;;;;1,06E+18;https://twitter.com/baekhunts/status/1059960563906695169
ndhzmii;06/11/2018 20:44;0;0;"Lelah hati ini, lelah hidup denganmu""""";;;;1,06E+18;https://twitter.com/ndhzmii/status/1059803636572684288
PxrfectTendou;06/11/2018 18:12;0;0;// Bener-bener lelah hidup gua..gua udah gakuat.;;;;1,06E+18;https://twitter.com/PxrfectTendou/status/1059765351238393856
meproputriagni;06/11/2018 07:02;0;0;Tapi ntah kenapa, aku udh cukup lelah dan muak dgn hidup ini;;;;1,06E+18;https://twitter.com/meproputriagni/status/1059596856857047040
ridhogr;06/11/2018 01:23;0;1;Mulai lelah dengan hidup ini . Kadang suka sedih aja , kerja sampek pagi tapi tetep aja enggak dapet apresiasi dari kantor pic.twitter.com/6NpJi9XjHr;;;;1,06E+18;https://twitter.com/ridhogr/status/1059511627240730624
putrijalitoo;05/11/2018 23:14;0;0;"Bukan, ini bukan perihal lelah karena cinta. Tapi ini perihal lelah tentang hidup. Sometimes I think gue engga mampu"". Tapi hati bilang ""gausa cengeng deh Lo! Diluar sana masih byk yg hidup nya complicated dari pada hidup Lo!."" OKE BAIK. I wanna be single fighter. But, I can't.""";;;;1,06E+18;https://twitter.com/putrijalitoo/status/1059479130058575872
triwp23_awan25;05/11/2018 22:51;0;0;Sebenarnya sudah lelah begini, sampai di perbatasan. Tp itu lah hidup, selama blm bisa pergi harus kuat bertahan.;;;;1,06E+18;https://twitter.com/triwp23_awan25/status/1059473349494005760
catur_atma;05/11/2018 21:27;0;0;Kadang merasa teramat lelah karena harus sendiri menerjang kerasnya hidup untuk masa depan;;;;1,06E+18;https://twitter.com/catur_atma/status/1059452053045440512
addinanurulf;05/11/2018 21:06;0;1;Lelah menghadapi cobaan hidup :( pic.twitter.com/3tuFqezwH6;;;;1,06E+18;https://twitter.com/addinanurulf/status/1059446880529133568
agoytamaquotes;05/11/2018 17:58;0;0;Kadang lelah, tapi hidup memang mestinya selelah ini.;;;;1,06E+18;https://twitter.com/agoytamaquotes/status/1059399580209430528
asma_matriks;05/11/2018 16:33;0;0;Owh hidup aku sungguh lelah;;;;1,06E+18;https://twitter.com/asma_matriks/status/1059378208569614336
zhia_thatha;05/11/2018 05:00;0;0;Lelah,cape, mules, badan ringsek campur aduk,, kayak ga mw hidup kyk gini;;;;1,06E+18;https://twitter.com/zhia_thatha/status/1059203691104763904
DebuYandi;05/11/2018 01:55;0;0;Ternyata hidup itu singkat kalau dibawa main-main # lelah;;;#;1,06E+18;https://twitter.com/DebuYandi/status/1059157098586497024
sazkaw;05/11/2018 01:02;0;0;gw lg berada dlm fase dimana gw lelah sm permainan kehidupan. naik turunnya hidup gw, dr segi manapun mulai dr keuangan, keluarga, percintaan, sampe interpersonal. pdhl gw msh muda pgn ngerasain santai sdkit kayaknya susahh bgt ya :');;;;1,06E+18;https://twitter.com/sazkaw/status/1059143834519498753
jadelweiss;05/11/2018 00:45;0;0;aku lelah tidur gabisa, makan ga habis, kerjaan lagi kosong, untung hidup gak bosen.;;;;1,06E+18;https://twitter.com/jadelweiss/status/1059139663309373441
Juljr_san;04/11/2018 22:51;0;0;Sedang lelah untuk hidup;;;;1,06E+18;https://twitter.com/Juljr_san/status/1059110788210679813
hushlushbae;04/11/2018 22:00;0;0;kayanya hidup gue lelah banget ya sampe gue lupa makan dari pagi :);;;;1,06E+18;https://twitter.com/hushlushbae/status/1059098006295695360
streamoftears;04/11/2018 18:15;0;0;aq lelah hidup;;;;1,06E+18;https://twitter.com/streamoftears/status/1059041427114475520
reigitaadama;04/11/2018 16:44;0;1;Ingin hidup normal, tenang aman tentram, ngga ada yg ganggu ngga ada yg merusak ketenangan sedih, lelah rasanya :'(;;;;1,06E+18;https://twitter.com/reigitaadama/status/1059018616555765761
Deniriyant;04/11/2018 14:56;0;0;Terkadang hidup ini terlihat benar dan terkadang terlihat salah, Kadang benar benar salah.... — lelah;;;;1,06E+18;https://twitter.com/Deniriyant/status/1058991303747297283
kennyu_;04/11/2018 12:07;0;0;Smua hal yg lu pengen jdi kenyataan saat lu sudah bener-bener lelah sma hidup dan memejamkan mata. Setelah mata terbuka lgi smua hal yg lu pngen ternyata fana alias cuma mimpi. Lelah sekali kpan ini berakir? Brp lma lgi usia gua buat tinggal didunia kejam ini?;;;;1,06E+18;https://twitter.com/kennyu_/status/1058948858821013509
markleessi;04/11/2018 09:03;0;0;saya pegi dulu dah lelah hidup;;;;1,06E+18;https://twitter.com/markleessi/status/1058902578384105473
Dikacherish;04/11/2018 04:00;1;0;"Lelah begini terus. Pengen hidup normal rasanya. Yang bisa kayak kata orang, jalanin aja"". Tapi nggak bisa. Pasti ada aja yang dipikirin. Kenapa harus begini? Disetiap down selalu mikirin banyak hal. Nangis sendiri, lelah sendiri.""";;;;1,06E+18;https://twitter.com/Dikacherish/status/1058826243552903168
cacariskaa;03/11/2018 12:30;0;1;Kalo lelah sama hidup tuh keknya mau mati aja, tapi kalo gw mati gw pasti ga masuk surga.;;;;1,06E+18;https://twitter.com/cacariskaa/status/1058592214069084161
tekmitudemun;03/11/2018 04:50;0;0;tadi kebangun jam setengah 4 karna mimpi. lagi. dan lagi. udah lelah sama hidup trus lelah juga pas mimpi. hm;;;;1,06E+18;https://twitter.com/tekmitudemun/status/1058476415908110336
syandinugroho;03/11/2018 05:44;0;0;Kadang lelah dengan impian-impian sendiri. Tapi apa mungkin hidup tanpa harapan-harapan?;;;;1,06E+18;https://twitter.com/syandinugroho/status/1058490168791851009
omicroneus;03/11/2018 00:40;1;0;Lelah lihat saya hidup segan mati tak mau ya.;;;;1,06E+18;https://twitter.com/omicroneus/status/1058413562396213248
DULCEATEA;02/11/2018 18:27;0;0;[ Mengundang untuk tidur. Tidur aja, gausah hidup. Lelah ];;;;1,06E+18;https://twitter.com/DULCEATEA/status/1058319771983171585
ammeuloli;02/11/2018 13:45;0;1;Kadang lelah juga hidup mendunia. Bukan berarti ingin cepat mati. Tapi sepertinya, memang sudah saatnya untuk serius melangitkan hati.;;;;1,06E+18;https://twitter.com/ammeuloli/status/1058248715993894912
ct99_san;02/11/2018 08:30;0;0;Capek berbohong... Rasanya hidup gelap banget. Pengen berhenti. Lelah banget.;;;;1,06E+18;https://twitter.com/ct99_san/status/1058169344797028353
hlmmfthl;01/11/2018 22:10;0;0;Bagi kalian yg lelah akan hidup ini, bunuh diri adalah solusi tercepat dan nyata. Hehehehe;;;;1,06E+18;https://twitter.com/hlmmfthl/status/1058013321301872640
harisazmi27;01/11/2018 20:56;0;0;Menyerahlah, hidup itu lelah bro, ayo semangat menyerah;;;;1,06E+18;https://twitter.com/harisazmi27/status/1057994752161804288
FryankaMaurizka;01/11/2018 20:33;0;0;Lelah hidup;;;;1,06E+18;https://twitter.com/FryankaMaurizka/status/1057988934091698176
indomymenfess;01/11/2018 20:25;0;1;[Idm] bolehkah aku numpang curhat, lelah banget, capek sama hidup sendiri @ BTS_twt pic.twitter.com/BgpJosHLLz;;@;;1,06E+18;https://twitter.com/indomymenfess/status/1057986903620771841
SriMuly66484191;01/11/2018 19:58;0;0;Hari ini berjalan seperti biasanya dimana hidupku dipenuhi dengan masalah.Bukannya tidak bersyukur tapi lelah hidup seperti ini ingin sekali rasanya hidup seperti orang lain yg selalu damai, aman, bahagia.;;;;1,06E+18;https://twitter.com/SriMuly66484191/status/1057980233553334274
Farnaseu;01/11/2018 17:24;0;0;aing lelah dgn hidup;;;;1,06E+18;https://twitter.com/Farnaseu/status/1057941409846648833
viegaaads;01/11/2018 16:02;0;0;Lelah sama hidup ini, ingin istirahat yg Tak terganggu oleh siapapun.;;;;1,06E+18;https://twitter.com/viegaaads/status/1057920864937603073
nanakhsn_;01/11/2018 12:17;0;0;Allah, aku benar-benar lelah untuk hidup. aku benar-benar payah, bukan? hem :'(;;;;1,06E+18;https://twitter.com/nanakhsn_/status/1057864136283979776
syafaqmuth;01/11/2018 09:14;3;1;Rasanya aku menjalani hidup seperti mesin. Dipaksa bertahan, makan obat setiap hari untuk penyeimbang, tapi mati rasa. Kemarin sudah cukup aku lelah dan menyerah, sekarang jangan lagi. Namun aku kebingungan sendiri. Bagaimana ini.;;;;1,06E+18;https://twitter.com/syafaqmuth/status/1057818216293003264
RPG_98SEO;31/10/2018 22:03;0;0;lelah akan beban hidup .g;;;;1,06E+18;https://twitter.com/RPG_98SEO/status/1057649222546186240
Adriana_Viola;31/10/2018 19:26;0;0;Biar kuliah gue biasa-biasa aja, gue pernah lelah sama hidup (dan ingin berhenti), dan lain-lain, gue rasa ini lah yang gue lebih butuh: belajar hidup. Sekalipun orang lain belajarnya mungkin nggak seperti ini caranya. Sekalipun selamanya luka itu akan ada di hidup gue...;;;;1,06E+18;https://twitter.com/Adriana_Viola/status/1057609784990425088
hatingbitchess;31/10/2018 14:23;1;0;lama lama ko gua capek ya. tapi gatau capek karna apa. hidup? rutinitas yg itu itu aja tapi ngebosenin? temen yang lama lama makin berkurang? pacar yang susah bgt ditemuin? kuliah yang bikin lelah? atau keluarga yang ga klik?;;;;1,06E+18;https://twitter.com/hatingbitchess/status/1057533441351303168
gentawos;31/10/2018 13:13;0;0;Pokoknya gue udah lelah hidup. Ketemu dokter aja gak bisa, nanti dikatain gila ngapain mau ketemu dokter segala. Curhat sama temen aja gak ada yang bakal percaya. :);;;;1,06E+18;https://twitter.com/gentawos/status/1057515811311706114
kekenmato;31/10/2018 10:58;0;0;ya sama gw juga. hidup gw udah terlalu lelah sama banyak masalah, ga mau sumpek lagi baca2 beranteman politik....;;;;1,06E+18;https://twitter.com/kekenmato/status/1057482031775440896
iyus10_;31/10/2018 07:38;0;0;Aku lelah sekali dengan hidup ini;;;;1,06E+18;https://twitter.com/iyus10_/status/1057431485592944640
catherineACG;31/10/2018 03:39;0;1;Lelah dengan hidup, seriously:(;;;;1,06E+18;https://twitter.com/catherineACG/status/1057371378670690304
rimarn_;24/10/2018 11:30;0;0;Hal paling nekat yang pernah saya lakukan adalah, saya memutuskan untuk tetep melanjutkan hidup disaat saya ingin mati untuk mengakhiri segalanya;;;;1,06E+18;https://twitter.com/akbaar__/status/1059785248790142976
phoerange;07/11/2018 22:15;0;1;Meskipun ada kalanya gw ingin berhenti hidup, ingin mengakhiri semua ini, ingin keretanya berhenti, tapi gw akan selalu bilang ke yang lain untuk tetap berjuang. Gw tetap ngirim peluk untuk mereka. I know, it's weird.;;;;1,06E+18;https://twitter.com/phoerange/status/1060189052517793794
Salsaandinaaa;06/11/2018 20:59;0;0;Rasa rasanya ingin mengakhiri hidup;;;;1,06E+18;https://twitter.com/Salsaandinaaa/status/1059807427686674432
Ghazianb;06/11/2018 15:36;0;0;13/14 ingin mengakhiri hidup;;;;1,06E+18;https://twitter.com/Ghazianb/status/1059726103424643072
BrokenHomeMDR;06/11/2018 13:13;0;0;Kadang suka berfikir mau mengakhiri hidup tapi itu semua gabisa balikin keluarga aku lagi kan (⌣́_⌣̀);;;;1,06E+18;https://twitter.com/BrokenHomeMDR/status/1059690094360092673
caberewit;06/11/2018 01:33;0;0;Pernah suatu waktu ketika dihadapkan pada masalah yang menentuka masa depan membuat ku sangat stress dan depresi. Aku pernah memiliki keinginan untuk mengakhiri hidup ini karena merasa tidak ada seorang pun yang dapat mengerti aku.;;;;1,06E+18;https://twitter.com/caberewit/status/1059513948578340865
GaSukaWortel;05/11/2018 18:33;0;0;Pernah ada diposisi sangat amat ingin untuk mengakhiri hidup, aku tau segala resikonya, aku tau tuhan bakal marah, aku tahu arwahku bakal ditolak. Tapi apa aku peduli? GA! Yang aku pikirkan, aku cuma mau berhenti. Itu aja, aku bakal nanggung segala resiko;;;;1,06E+18;https://twitter.com/GaSukaWortel/status/1059408374234640384
putrakerajaan_;03/11/2018 13:03;0;0;"kalo aku goblok gitu aja ga bisa"" ""ga ada kebanggan nya jadi anak"" ""kerjaan nya ngerepotin aja"" disitu aku merasa ingin mengakhiri hidup""";;;;1,06E+18;https://twitter.com/putrakerajaan_/status/1058600437761200128
acetilcolin;02/11/2018 16:11;0;0;19 tahun hidup dengan kecenderungan untuk mengakhiri hidup, terhitung sejak 3 tahun lalu sampai saat ini.;;;;1,06E+18;https://twitter.com/acetilcolin/status/1058285561369133056
rlthingy;02/11/2018 12:30;0;0;/rlt/ aku sekarang lagi dititik pengin mengakhiri hidup. Aku cape disalahin tanpa sebab sama mama aku. Aku cape dipanggil anjing setiap hari. Apa aku mengakhiri hidup aja ya biar mama aku ga marah² ke aku terus?;;;;1,06E+18;https://twitter.com/rlthingy/status/1058229766325600256
Parkjiihoon_;26/10/2018 18:06;0;0;Disana saya berusaha bertahan karna memang ada yg sayang & membutuhkan saya. Tidak peduli bagaimana orang lain memandang saya & mengatakan kekurangan saya, keluarga saya selalu ada untuk saya & mengatakan kelebihan saya. Setidaknya saya bisa lepas dari pikiran mengakhiri hidup;;;;1,06E+18;https://twitter.com/Parkjiihoon_/status/1055777793902931968
dwikimfajri;26/10/2018 15:16;0;0;Evey single day of my life serasa ingin mengakhiri hidup. Overthinking makes everything even worse.;;;;1,06E+18;https://twitter.com/dwikimfajri/status/1055734991844335616
bekeramput;26/10/2018 08:29;0;0;Semangat untuk mengakhiri hidup lebih cepat;;;;1,06E+18;https://twitter.com/bekeramput/status/1055632558321369088
boba_Bocil;25/10/2018 22:11;0;0;Sempat Terpikir Dalam Pikiranku Untuk Mengakhiri Hidup Ini.Ngga Kuat Rasanya;;;;1,06E+18;https://twitter.com/boba_Bocil/status/1055476937743839232
anggaravk;25/10/2018 05:58;0;0;Ini yg saya rasain dok, saya ingin mengakhiri hidup saya sebab saya hidup pun tidak ada gunanya untuk siapapun. Saya stress dok;;;;1,06E+18;https://twitter.com/anggaravk/status/1055232178374639618
Beruanges__;24/10/2018 22:56;0;0;Saya pernah merasa sangat insecure, clueless, stress meskipun tidak sampai melukai bahkan berpikir untuk mengakhiri hidup. Saya lemah, tidak bisa bekerja dibawah tekanan. Iya saya lemah tidak seperti kamu;;;;1,06E+18;https://twitter.com/Beruanges__/status/1055125821898125319
rimarn_;24/10/2018 11:30;0;0;Hal paling nekat yang pernah saya lakukan adalah, saya memutuskan untuk tetep melanjutkan hidup disaat saya ingin mati untuk mengakhiri segalanya;;;;1,05E+18;https://twitter.com/rimarn_/status/1054953360997183488
kuahtekuan;24/10/2018 01:10;0;0;Same bro :( akupun sering ingin mengakhiri hidup;;;;1,05E+18;https://twitter.com/kuahtekuan/status/1054797215590375424
AldoWohon;23/10/2018 22:15;0;0;Bang saya ingin mengakhiri hidup — SEND ME YOUR LINE ID/WHATSAPP! https://lap78.ask.fm/igoto/45DKECPW7B667HQMHN2IG6NM32CTTIRNRX5OXBX7D7SLNZN62UYY2Z2KFVBM4QZVKG276FICJQUH4DB7YEV7M2VONS5LPBQLUIORJE2YHVWSCKGPBOHXYPXKSC27R6LPZSEYAFYZ53LHVG4LBOBB6QK46PGHLYM4ZDPVJMTRQSO2OPPSIUYFB5HK5NNIJ4H3TI43KFDU4EKQ==== …;;;;1,05E+18;https://twitter.com/AldoWohon/status/1054753081169248257
Cabepasar1;23/10/2018 21:41;0;4;Aku juga gini, tapi kadang suka mikir gaada yg bisa disalahin selain diri sendiri. Ujung2nya suka pengen mengakhiri hidup;;;;1,05E+18;https://twitter.com/Cabepasar1/status/1054744678019420166
Hendy21879825;23/10/2018 16:15;0;0;Adakah kesembuhan dari sakit yg aku derita,kalau tidak ingat anak istri dan orang tua,ingin rasanya aku mengakhiri hidup;;;;1,05E+18;https://twitter.com/Hendy21879825/status/1054662670698217473
septidhyanaa;23/10/2018 16:33;0;0;tanpa kpop saya sudah mengakhiri hidup ini pak/bu :) ini sumber kebahagiaan saya;;;;1,05E+18;https://twitter.com/septidhyanaa/status/1054667239327129600
alektronaa;21/10/2018 21:54;0;0;"Kalau sudah seperti ini, tawaran untuk segera mengakhiri hidup terasa menggiurkan."" Ucapku pada pantulan yang ada di cermin.""";;;;1,05E+18;https://twitter.com/alektronaa/status/1054023106363195392
Annisafbian3;21/10/2018 19:38;0;0;Rasanya kuingin mengakhiri hidup..;;;;1,05E+18;https://twitter.com/Annisafbian3/status/1053988918222188544
Irnayolanda;21/10/2018 11:44;0;1;Sempat terlintas di pikiran ku, aku memilih mengakhiri semuanya dengan perlahan lahan Aku merasa terbiasa dengan hidup seperti sekarang. Mengikuti drama semua orang dan berakhir mengenaskan.;;;;1,05E+18;https://twitter.com/Irnayolanda/status/1053869513093988353
Irnayolanda;21/10/2018 11:36;0;1;Lelah sangatlah lelah. Hidup yang penuh dengan orang-orang yang menyebalkan. Dan bertemu dengan orang-orang yang menakutkan. Sampai aku lupa akan tujuan ku. Menyelesaikan semuanya dan mengakhiri semuanya;;;;1,05E+18;https://twitter.com/Irnayolanda/status/1053867676412440576
mrizkialmsyh;20/10/2018 07:54;0;0;Mengakhiri hidup pernah menjadi opsi;;;;1,05E+18;https://twitter.com/mrizkialmsyh/status/1053449425098424321
doublefacesme;18/10/2018 23:07;0;0;Kemarin aku berpikir hidupku hanya sampai hari ini saja. Seharian penuh aku berjuang melawan pikiranku sendiri untuk mengakhiri hidup. Sungguh melelahkan. But I survived. So proud of myself. :);;;;1,05E+18;https://twitter.com/doublefacesme/status/1052954234075807744
danenddd;17/10/2018 06:34;0;0;Mengakhiri hidup? :((;;;;1,05E+18;https://twitter.com/danenddd/status/1052341996575051776
darrelvondaniel;16/10/2018 11:55;1;2;Dan saya pernah punya pikiran untuk mengakhiri hidup saya dok. Berpikir bahwa saya tidak berguna, tidak layak hidup, mungin dunia akan lebih baik tanpa saya. Apakah saya depresi dok? Mohon balasannya. pic.twitter.com/3K0ajd0xhR;;;;1,05E+18;https://twitter.com/darrelvondaniel/status/1052060535905079296
nadilaaulia;15/10/2018 23:24;0;0;Cobaan ga berhenti dateng nya kaya kereta express. Ngerasa ga punya temen sama sekali. Bahkan berencana mengakhiri hidup tp bingung gimana caranya. Bodo memang;;;;1,05E+18;https://twitter.com/nadilaaulia/status/1051871421893238785
rlthingy2;15/10/2018 22:35;0;0;/rlt mungkin ini bahagia terakhir ku sebelum aku mengakhiri hidup ku;;;;1,05E+18;https://twitter.com/rlthingy2/status/1051859063670112257
masrahtomo;15/10/2018 00:26;0;0;Kalaupun mengakhiri hidup adalah perbuatan yang diperbolehkan, pasti sudah dari kemarin aku melakukannya...;;;;1,05E+18;https://twitter.com/masrahtomo/status/1051524758460817408
nikikusuma;14/10/2018 22:47;0;0;Sempat terlintas untuk mengakhiri hidup karna gapunya temen yang bener bener Ga kuwat gengs, tiap hari.;;;;1,05E+18;https://twitter.com/nikikusuma/status/1051499771280601088
klbnglblb;14/10/2018 09:08;0;0;Ya Allah, ampuni aku, sekarang rasa putus asa memenuhi tubuh, ingin rasanya aku mengakhiri hidup dan segera terhindar dari lubang gelap pekat ini.;;;;1,05E+18;https://twitter.com/klbnglblb/status/1051293619452170241
_yuxixx;12/10/2018 22:21;0;0;Kadang pas pikiran gue pendek, gue berpikir bahwa satu2nya cara mengakhiri masalah ini adalah dengan mengakhiri hidup. Oke... slap me haha.;;;;1,05E+18;https://twitter.com/_yuxixx/status/1050768423297331201
cintaeskrim;12/10/2018 21:26;0;0;Ingin mengakhiri hidup tapi takut masuk neraka;;;;1,05E+18;https://twitter.com/cintaeskrim/status/1050754602604187648
nurulhanifahh;12/10/2018 18:41;2;1;Ingin mengakhiri hidup tapi inget orang tua udah kerja keras;;;;1,05E+18;https://twitter.com/nurulhanifahh/status/1050713047927468032
springlight9596;11/10/2018 07:13;0;0;Dan yang aku alami ini termasuk golongan depresu berat, gimana rasanya? Rasanya? Ya kaya di drama2 kepengennya mengakhiri hidup biar tenang, ceritanya aku tampilin pict disini pic.twitter.com/0OEAnvA5dx;;;;1,05E+18;https://twitter.com/springlight9596/status/1050177527564496896
rlthingy;10/10/2018 23:20;15;3;/rlt/ kdg aku mikir kalau aku mengakhiri hidup, bakal ada yg sedih gk ya selain orangtua. karna selama ini aku merasa gk punya teman, gk ada orang yg bener2 mau berteman sama aku. aku ingin coba ngetes siapa yg beneran peduli tp aku tau itu hal yg gak baik. cheer me up, please?;;;;1,05E+18;https://twitter.com/rlthingy/status/1050058457452228608
hai_darrr;10/10/2018 20:00;0;0;aku bisa dan akan selalu bilang.. semua baik-baik saja.. tapi sering datang pikiran bahwa.. mengakhiri hidup itu lebih baik.. jika demikian.. apakah semua masih baik-baik saja?;;;;1,05E+18;https://twitter.com/hai_darrr/status/1050008088885882880
DanteAruma_;09/10/2018 21:23;0;0;maaf ga bagus, tapi kmrin aku sempet down sampai terlintas mengakhiri hidup tapi alhamdulillah tersadar abis random picking n baca Surah Faatir terutama ayat 10. pic.twitter.com/YZb2pHlpuO;;;;1,05E+18;https://twitter.com/DanteAruma_/status/1049666681021186048
rlthingy;09/10/2018 19:50;1;0;/rlt/ suka terlintas dibenak saya akhir akhir ini buat mengakhiri hidup. Suka ngerasa gak guna buat bertahan hidup;;;;1,05E+18;https://twitter.com/rlthingy/status/1049643307934965760
yerimkrim;05/11/2018 09:16;0;0;( tbh i dunno how to say. I've been in depressed situation before. Pikiranku tiap saat selalu ingin mengakhiri hidup terutama kalo lagi insom banyak rencana rencana bunuh diri yg mau aku lakuin. +;;;;1,06E+18;https://twitter.com/yerimkrim/status/1059268131049242624
cuteupee;08/10/2018 16:52;10;1;Sayangnya gua terlalu banyak alasan untuk mengakhiri hidup;;;;1,05E+18;https://twitter.com/cuteupee/status/1049236025891942400
jongiechan;08/10/2018 14:53;0;0;Kalau mengakhiri hidup itu gak dosa, pasti saya udah melakukannya sejak dulu hehe;;;;1,05E+18;https://twitter.com/jongiechan/status/1049206097980977152
IftySari2;05/10/2018 14:57;0;18;Kadang rasanya pengen mengakhiri hidup ini, lelah dengan dengan semua ini Tuhan;;;;1,05E+18;https://twitter.com/IftySari2/status/1048120023967916033
S_AnitaJKT48;05/10/2018 10:06;0;0;Kesedihan, keputus asa-an, ketidakberdayaan, dan keinginan untuk mengakhiri hidup;;;;1,05E+18;https://twitter.com/S_AnitaJKT48/status/1048046727444324352
_putrifs;05/10/2018 08:53;0;0;akhir-akhir ini sering berfikir ingin mengakhiri hidup.;;;;1,05E+18;https://twitter.com/_putrifs/status/1048028278722768897
navy_sheen;02/10/2018 20:01;0;0;Terlalu banyak luka, yang membuat aku ingin mengakhiri hidup;;;;1,05E+18;https://twitter.com/navy_sheen/status/1047109369798656003
speremen;08/11/2018 03:32;0;0;- malam ini aku patah semangat lagi, aku kecewa dan aku sedih;;;;1,06E+18;https://twitter.com/speremen/status/1060268732709289984
Ghoz4ly;07/11/2018 21:48;0;0;Gak lah, Dah Patah semangat Aku, Bertapa di HUTAN ajalah,;;;;1,06E+18;https://twitter.com/Ghoz4ly/status/1060182144025325568
tikaaatikaaa28;07/11/2018 20:49;0;0;Udh patah semangat dluan aja;;;;1,06E+18;https://twitter.com/tikaaatikaaa28/status/1060167279076237313
parminster;07/11/2018 16:36;0;1;Guna lah yan, aku patah semangat;;;;1,06E+18;https://twitter.com/parminster/status/1060103651572645888
febby_pego;07/11/2018 10:32;12;16;Apa cuma aku yang sering patah semangat karena mulut orangtuaku sendiri ? pic.twitter.com/ElmB0iiH4R;;;;1,06E+18;https://twitter.com/febby_pego/status/1060012149852925952
fatinhmdn;07/11/2018 10:06;0;0;Patah pinggang, patah hati, patah semangat...;;;;1,06E+18;https://twitter.com/fatinhmdn/status/1060005581811986432
Keyrol47;07/11/2018 07:14;1;1;Memang akan ada masa kau akan patah semangat;;;;1,06E+18;https://twitter.com/Keyrol47/status/1059962268203442176
MhdSyxkir;06/11/2018 20:39;1;1;Terlalu overthinking ni yg menyebabkan aku patah semangat.;;;;1,06E+18;https://twitter.com/MhdSyxkir/status/1059802554043899904
jir4n;06/11/2018 22:30;0;0;weh patah semangat la nak belajar kalau tengok semuaorg balik...;;;;1,06E+18;https://twitter.com/jir4n/status/1059830340905324544
1217112_;06/11/2018 11:24;0;0;susah amat ya keluar dari zona patah hati. padahal lagi butuh2nya semangat.;;;;1,06E+18;https://twitter.com/1217112_/status/1059662788228861952
lonely_heart_28;06/11/2018 07:09;0;0;Ini yang bisa membuat gila.. Membuat tak memiliki semangat dalam berkarya.. Patah segala yang ada..;;;;1,06E+18;https://twitter.com/lonely_heart_28/status/1059598694750707712
iamsyahfiq;04/11/2018 18:28;0;0;Maaflah takdapek nak teruskan. Patah semangat;;;;1,06E+18;https://twitter.com/iamsyahfiq/status/1059044638391070720
indomymenfess;03/11/2018 20:40;7;3;[idm] Kasih aku motivasi dong my. Lagi patah semangat :' # MTVEMABiggestFansBTS @ BTS_twt;;@;#;1,06E+18;https://twitter.com/indomymenfess/status/1058715438035529729
fbryspo;03/11/2018 19:32;0;0;sampai dititik 'sudah patah semangat';;;;1,06E+18;https://twitter.com/fbryspo/status/1058698492497997824
abuchanifah11;03/11/2018 16:35;0;0;Patah arah Patah semangat;;;;1,06E+18;https://twitter.com/abuchanifah11/status/1058653769095831552
Nazriiyusry;02/11/2018 23:02;0;0;Terasa patah semangat;;;;1,06E+18;https://twitter.com/Nazriiyusry/status/1058388835002773504
AloenkThec;02/11/2018 22:56;0;0;terkadang sebuah kata bisa membuat patah semangat seseorang;;;;1,06E+18;https://twitter.com/AloenkThec/status/1058387355067924481
NurAima31744212;02/11/2018 20:33;0;0;Patah semangat deh;;;;1,06E+18;https://twitter.com/NurAima31744212/status/1058351459543089152
AminatulIsty;02/11/2018 20:25;0;3;Nggak down,Tapi patah semangat aja.;;;;1,06E+18;https://twitter.com/AminatulIsty/status/1058349503252578304
ErnNea_;02/11/2018 13:08;0;0;patah semangat tetibe rasa malas nak pegi......;;;;1,06E+18;https://twitter.com/ErnNea_/status/1058239292642709505
rysrs_;01/11/2018 17:01;0;1;Hm adanya pas TA di kampus. Disaat dosbing materi gua ngejatohin, bikin patah semangat, gak pede buat sidang dan optimis gak lulus, dosen teknis gua menyemangati habis-habisan!;;;;1,06E+18;https://twitter.com/rysrs_/status/1057935569743794176
Mhmdagustri;01/11/2018 14:05;0;0;Kau yang membuat ku semangat, kau juga yang membuatku patah semangat.;;;;1,06E+18;https://twitter.com/Mhmdagustri/status/1057891372168925184
fafaraheyy;01/11/2018 07:39;0;0;aku dah patah semangat dahni;;;;1,06E+18;https://twitter.com/fafaraheyy/status/1057794192108249088
tien_diela;01/11/2018 06:54;0;0;Patah semangat terusss cuti bln 11/12 dibekukan;;;;1,06E+18;https://twitter.com/tien_diela/status/1057782787200020480
yuqicuu;31/10/2018 20:10;0;0;aku udah patah semangat nih :( kebanyakan aku di skip terus ㅠㅠ;;;;1,06E+18;https://twitter.com/yuqicuu/status/1057620785043402753
wo_kiyo;31/10/2018 19:57;0;0;[] patah semangat/?;;;;1,06E+18;https://twitter.com/wo_kiyo/status/1057617575574614016
masto17knjj;31/10/2018 13:33;0;0;Ya allah..kasih petunjukmu biar aku bisa untuk nglupain dia untuk selamanya. Hilangkan dia dari pikiranku, hilangkan dia dari patah semangat hidupku ini. Jika aku untuk memilih..aku bersumpah aku ingin pulang secepatnya untuk di duniaini.;;;;1,06E+18;https://twitter.com/masto17knjj/status/1057520962705543169
RizaindahR;31/10/2018 12:45;0;0;Patah semangat;;;;1,06E+18;https://twitter.com/RizaindahR/status/1057508917478072326
rljischu;30/10/2018 21:06;0;0;surem): patah semangat nih;;;;1,06E+18;https://twitter.com/rljischu/status/1057272601058271232
imamfathwr;30/10/2018 17:30;0;0;Berat ya, padahal seharian kau penuh semangat, tiba tiba patah begitu saja. Tuhan memang maha pembolak-balik hati, pesanku pribadi, syukurilah. Apapun itu, pasti ber-Hikmah. walau akhirnya hari itu kau bersedih, setidaknya kau memulainya dengan baik. re : bicara # BabaganAti;;;#;1,06E+18;https://twitter.com/imamfathwr/status/1057218270133010432
hanafifadzil95;30/10/2018 17:16;0;0;Aku dah patah semangat ni;;;;1,06E+18;https://twitter.com/hanafifadzil95/status/1057214558350172160
febyluphy;30/10/2018 16:15;0;1;bikin patah semangat iyaaa;;;;1,06E+18;https://twitter.com/febyluphy/status/1057199386772393984
sarrziff;30/10/2018 14:42;0;0;And also.. Aku mudah patah semangat nampak tulisan yang banyak;;;;1,06E+18;https://twitter.com/sarrziff/status/1057175927166128128
;;;;;;;;;
;;;;;;;;;
;;;;;;;;;
;;;;;;;;;
;;;;;;;;;
;;;;;;;;;
;;;;;;;;;
;;;;;;;;;
;;;;;;;;;
;;;;;;;;;
;;;;;;;;;
;;;;;;;;;
;;;;;;;;;
;;;;;;;;;
;;;;;;;;;
;;;;;;;;;
;;;;;;;;;
jr_a14;02/11/2018 21:09;0;0;Ingginku pergi dari dunia ini untuk selama-lamanya .. — putus asa;;;;1,06E+18;https://twitter.com/jr_a14/status/1058360489196032000
klbnglblb;14/10/2018 09:08;0;0;Ya Allah, ampuni aku, sekarang rasa putus asa memenuhi tubuh, ingin rasanya aku mengakhiri hidup dan segera terhindar dari lubang gelap pekat ini.;;;;1,05E+18;https://twitter.com/klbnglblb/status/1051293619452170241
S_AnitaJKT48;05/10/2018 10:06;0;0;Kesedihan, keputus asa-an, ketidakberdayaan, dan keinginan untuk mengakhiri hidup;;;;1,05E+18;https://twitter.com/S_AnitaJKT48/status/1048046727444324352
Ashacintialest1;08/11/2018 00:22;0;0;nyaris putus asa, sedikit lagi... nangis dipojokan :”(((((((((;;;;1,06E+18;https://twitter.com/Ashacintialest1/status/1060221048082386946
mhdfitrisalim;08/11/2018 00:06;2;0;kenapa selalu rasa nak putus asa eh ?;;;;1,06E+18;https://twitter.com/mhdfitrisalim/status/1060216872258293760
Arilhassan1;07/11/2018 23:32;0;0;Ya Allah aku tak kuat dan putus asa skrg.tak tahu nak buat apa dekat hati ni mungkin kemurungan yg panjang.;;;;1,06E+18;https://twitter.com/Arilhassan1/status/1060208471142846464
megayuniarti6;07/11/2018 23:27;0;2;Gaboleh putus asa. Tapi apa daya..;;;;1,06E+18;https://twitter.com/megayuniarti6/status/1060207185177731072
noordellaadnan;07/11/2018 23:12;1;0;# putus asa;;;#;1,06E+18;https://twitter.com/noordellaadnan/status/1060203329735651328
kite_nia;07/11/2018 22:48;0;0;SUDAH PUTUS ASA.... !!!!!;;;;1,06E+18;https://twitter.com/kite_nia/status/1060197427557199875
AfIekQ;07/11/2018 22:24;0;0;Kadang kala aku jealous aku menyerah aku putus asa aku tak keruan Tapi aku kena tahu inilah kehidupan Ada atas ada bawah Setiap orang lain ceritanya Mcm mana nk improving myself ni? Aku betul2 down la... aduhaiiii Tak leh gak nk sentiasa positive;;;;1,06E+18;https://twitter.com/AfIekQ/status/1060191227528667136
nrintnsrya;07/11/2018 22:14;0;0;Patut lah skrg rasa tak semangat sangat & cepat putus asa;;;;1,06E+18;https://twitter.com/nrintnsrya/status/1060188788373090304
sayidaticna;07/11/2018 21:51;0;0;Lu bayangin deh, sedih, hati tu bolong, kecewa, kesel, marah, putus asa, semuanya campur aduk Trs lo gabisa apa2, rasanya tuh pen nangis aja ampe sesek2an, tp selalu ketahan krn masalah hrs diselesein dulu;;;;1,06E+18;https://twitter.com/sayidaticna/status/1060182953781714944
Ghoz4ly;07/11/2018 21:49;0;0;Dah terlanjur putus asa q Nda;;;;1,06E+18;https://twitter.com/Ghoz4ly/status/1060182536129781761
hendriandpd;07/11/2018 21:14;0;0;Udah putus asa sm judulnya mbaa susah;;;;1,06E+18;https://twitter.com/hendriandpd/status/1060173765500256256
azilaazmi97;07/11/2018 21:04;0;0;selalu je rasa putus asa https://twitter.com/izhqr_/status/1059721077511774208 …;;;;1,06E+18;https://twitter.com/azilaazmi97/status/1060171058555154432
miorabdullah1;07/11/2018 20:34;0;1;Smp rasa da putus harapan dan putus asa;;;;1,06E+18;https://twitter.com/miorabdullah1/status/1060163544493129729
soberclous;07/11/2018 20:06;1;0;Aku sudah bosan takut. Sudah bosan putus asa.;;;;1,06E+18;https://twitter.com/soberclous/status/1060156545839689728
marthachrisdian;07/11/2018 20:04;0;0;Semua tempat riset menolak aku dan tim karena alasan surat kami blm disposisi. Udah putus asa :( . Tapi tau tau aja di X (salah satu kontraktor yang aku risetin) aku nekat aja langsung ke divisi yang perlu aku risetin dan cobain aja dulu;;;;1,06E+18;https://twitter.com/marthachrisdian/status/1060156116129083392
rizki_nod;07/11/2018 20:02;0;0;Giliran gue sudah lelah dan mulai putus asa untuk merantau , doi berubah drastis:/;;;;1,06E+18;https://twitter.com/rizki_nod/status/1060155462081867777
lilaclullabys;07/11/2018 20:00;0;0;aku udh beberapa kali putus asa T.T Thank u so much;;;;1,06E+18;https://twitter.com/lilaclullabys/status/1060155144266952705
akucintabakso;07/11/2018 19:38;0;0;bosan putus asa kesal semua jadi satu:'( sampe deact ig biar gak iri sama yang kuliah^^;;;;1,06E+18;https://twitter.com/akucintabakso/status/1060149588609253376
lilaclullabys;07/11/2018 19:09;0;0;Aku sering putus asa itu;;;;1,06E+18;https://twitter.com/lilaclullabys/status/1060142079005716480
Black_Widower;07/11/2018 19:05;0;1;Sudah putus asa dia.. Bingung mau jawab apa..;;;;1,06E+18;https://twitter.com/Black_Widower/status/1060141146968473600
PLAYMFS;07/11/2018 18:55;0;0;pltl saya lagi putus asa campur sedih banget:( gatau karena apa . semangatin dong yang baik;;;;1,06E+18;https://twitter.com/PLAYMFS/status/1060138604729577472
TrendNowID;07/11/2018 18:43;0;0;Disini aku ga ceritain betapa menyedihkan hidupku, bukan , ya aku akui memang awal-awal di diagnosa positif H I V pasti melewati fase2 sedih, down, putus asa, kecewa dengan diri sendiri dan pokoknya seperti jatuh ke jurang yang gelap sendirian tanpa ada siapa-siapa disana.;;;;1,06E+18;https://twitter.com/TrendNowID/status/1060135691051458562
nctconfess;07/11/2018 18:35;293;584;Akhirnya setelah seminggu sempet putus asa gambar terribet ini jadi juga makasih mput atas semangatnya selama ini huhu T^T ayo rate ♡ Feel free to save ♡ (nctea) pic.twitter.com/EMF8WBDiCe;;;;1,06E+18;https://twitter.com/nctconfess/status/1060133570482659335
aisyahchoo8;07/11/2018 18:33;0;1;putus asa, mengalah,sakit,pedih,luka,fakesmile,acah okay, acah kuat tapi sebenarnya lemah hm tahlah biarlah aku rasa sorang sorang :);;;;1,06E+18;https://twitter.com/aisyahchoo8/status/1060133019158073345
heihei_xz;07/11/2018 17:10;0;0;putus asa ampe bikin kepikiran mulu tp ga ngelakuin apa apa;;;;1,06E+18;https://twitter.com/heihei_xz/status/1060112191783809024
Shinigami_RF;07/11/2018 16:52;0;0;Kadang kita putus asa dengan hidup kita, tp kita harus bisa jalani dengan apa adanya;;;;1,06E+18;https://twitter.com/Shinigami_RF/status/1060107716494938113
mochikochii;07/11/2018 16:34;0;0;Aku pulak rasa dh putus asa ni;;;;1,06E+18;https://twitter.com/mochikochii/status/1060103069587787777
MrRipper101SV;07/11/2018 15:23;0;0;Putus asa, kayak udah gak punya semangat. Pengen bunuh diri https://www.facebook.com/adepran/videos/2299298423476766/ …;;;;1,06E+18;https://twitter.com/MrRipper101SV/status/1060085430551527425
annisa_dara;07/11/2018 13:42;0;0;Rasa putus asa kembali menghantui;;;;1,06E+18;https://twitter.com/annisa_dara/status/1060059878708862976
yudhikaAr;07/11/2018 13:10;0;0;Iki aku wong putus asa;;;;1,06E+18;https://twitter.com/yudhikaAr/status/1060051766090248192
facingproblem;07/11/2018 11:36;0;0;hahaha, kirain bener. udh putus asa aja aku.;;;;1,06E+18;https://twitter.com/facingproblem/status/1060028186061287424
Caoilte39290;07/11/2018 09:46;0;0;Masalah mendewasakan, doa menguatkan dan putus asa menghancurkan segalanya.;;;;1,06E+18;https://twitter.com/Caoilte39290/status/1060000519668658176
CintyaBudi;07/11/2018 07:45;1;0;Pagi ini dikejutkan akan suatu hal dan udah hampir putus asa;;;;1,06E+18;https://twitter.com/CintyaBudi/status/1059970170616082433
PutriRaimar;07/11/2018 07:41;0;0;ku putus asa;;;;1,06E+18;https://twitter.com/PutriRaimar/status/1059969117296451585
ulfaftrna;07/11/2018 02:56;0;0;Ngerasa putus asa bad inih .;;;;1,06E+18;https://twitter.com/ulfaftrna/status/1059897285746671616
AkiTarma;07/11/2018 01:00;0;0;Ulah Putus Asa;;;;1,06E+18;https://twitter.com/AkiTarma/status/1059868160248049664
Amiraaaaaaa___;06/11/2018 22:46;0;0;Hampir putus asa;;;;1,06E+18;https://twitter.com/Amiraaaaaaa___/status/1059834474211340288
nbilahntsyaa;06/11/2018 22:13;0;0;Putus asa dah hm;;;;1,06E+18;https://twitter.com/nbilahntsyaa/status/1059826123654291457
neenakml;06/11/2018 22:07;0;0;Rasa putus asa https://twitter.com/niedaothman/status/1059483266040786944 …;;;;1,06E+18;https://twitter.com/neenakml/status/1059824708177162240
amy_michelleee;06/11/2018 21:26;0;0;Aku hampir putus asa ngan semua;;;;1,06E+18;https://twitter.com/amy_michelleee/status/1059814374532173825
JacFarrah;06/11/2018 18:46;0;0;Aku dah putus asa nak pertahankan benda yang belum tentu pun sebenarnya ikhlas dengan kau atau tak sebenarnya. Aku cuma ikut ke mana takdir bawak aku;;;;1,06E+18;https://twitter.com/JacFarrah/status/1059774131783139329
JacFarrah;06/11/2018 18:46;0;0;Tak tahu lah nak sabar yang macam mana lagi dah. Dah putus asa dah rasanya ni. Lagi lama aku tahan boleh mati sebab pendam perasaan;;;;1,06E+18;https://twitter.com/JacFarrah/status/1059774128410882048
sdhevi96;06/11/2018 18:15;0;0;Sempet putus asa - dapet kabar lagi - putus asa lagi - dapet kabar lagi - masih sabar nunggu ~ Nunggu kabar hrd, ibarat nunggu di tembak si dia. Kitanya ngarep tapi dia gak nembak2;;;;1,06E+18;https://twitter.com/sdhevi96/status/1059766149582225409
Randymrs;06/11/2018 18:12;0;0;Sesaat sempat putus asa;;;;1,06E+18;https://twitter.com/Randymrs/status/1059765511725056000
nadyafideltaben;06/11/2018 17:28;0;1;berjalan tanpa nafas. putus asa. Kebencian. luka mendalam. Kekecewaan. iri hati. masyaAllah ampuni aku;;;;1,06E+18;https://twitter.com/nadyafideltaben/status/1059754465492840448
ByezuraIrhamna;06/11/2018 17:28;0;2;"dan saya tidak memiliki sesiapa. Ketika hujan lebat minggu lepas, saya putus asa untuk hidup. Saya nekad untuk menggantungkan diri saya""""";;;;1,06E+18;https://twitter.com/ByezuraIrhamna/status/1059754316003598336
reentmvy;06/11/2018 16:39;0;0;Nah penyakitnya dateng lagi, putus asa, merasa sendiri, padahal tahu Allah bersamaku;;;;1,06E+18;https://twitter.com/reentmvy/status/1059742125481312257
dibidibishinee;24/11/2018 06:35;0;0;Terima kasih utk twit ini, saya yang sedang berjuang lepas dari depresi. Sungguh tulisan ini menguatkan saya.;;;;1,07E+18;https://twitter.com/dibidibishinee/status/1066113038988656640
mijaazahari;23/11/2018 21:22;0;0;saya rasa saya mengalami depresi;;;;1,07E+18;https://twitter.com/mijaazahari/status/1065973978731241472
junecantarella;23/11/2018 18:05;0;0;Sampai skrg saya masi depresi :);;;;1,07E+18;https://twitter.com/junecantarella/status/1065924229214855168
frauyuni;23/11/2018 16:11;0;0;Saya sempat mengalmi gejala depresi yang cukup membuat orang terdekat khawatir, mengkonsumsi penenang.;;;;1,07E+18;https://twitter.com/frauyuni/status/1065895642596163585
drelsaoktavia;23/11/2018 14:37;0;0;Ini udah terlatih sih sejak koas. Sewaktu ayah meninggal saya diberi wkt 2 hari libur. Esoknya saya tetep follow up pasien, senyum, memeriksa pasien. Meskipun msh dlm keadaan depresi/ sedih. Seseorang yg bekerja berkaitan dgn jasa harus tetep professional.;;;;1,07E+18;https://twitter.com/drelsaoktavia/status/1065871987736604672
adlinaffira;23/11/2018 02:34;0;0;Dukungan kalian sungguh berarti bagi saya.. Membuktikan bahwasanya masih ada yang memberikan kepercayaan. Seolah menjadi suntikan penyemangat di tengah depresi dan frustasi yang kadang melanda. It means a lot to me, guys. Dukungan kalian menguatkan pundakku..Aku cinta kalian;;;;1,07E+18;https://twitter.com/adlinaffira/status/1065690044885741568
alfanosaurus;22/11/2018 23:42;0;0;Yang di rasakan saya akhir akhir ini, depresi, tertekan, yang mengakibatkan jarang tidur, jarang mandi dan berujung pada pribadi yang ambisius dan angkuh yang berdampak ke orang orang sekitar. Huft :(;;;;1,07E+18;https://twitter.com/alfanosaurus/status/1065646718836912128
penadaaa;19/11/2018 23:03;0;0;Kemarin saya sempat ke psikolog. Sebelumnya sudah didiagnosa depresi ringan, saya sering mengalami ketakutan soal masa depan, cukup mengganggu kegiatan saya. Tapi psikolog hanya menyarankan saya untuk melawan rasa takut itu. Sedang saya paksa supaya gak takut dan cemas:(;;;;1,06E+18;https://twitter.com/penadaaa/status/1064549677230518272
fnawwarah;02/11/2018 11:50;0;1;Depresi: Terpuruk Rasa Ingin Mati;;;;1,06E+18;https://twitter.com/PinokioKBJG/status/1059426631205318656
hard_hand;06/11/2018 17:19;0;0;Iyo lah, kesepian dan depresi itu teman lama ku juga :);;;# #;1,06E+18;https://twitter.com/DyLanveno18/status/1058786164914585600
ibnutazqia;25/10/2018 09:11;0;0;berkutik dengan depresi akhir akhir ini sampai benar benar ingin mati. ah aku butuh teman.;;;;1,06E+18;https://twitter.com/raffiandarujati/status/1058298583923871744
raffiandarujati;02/11/2018 17:03;0;0;Saya jelas gak bangga punya depresi. Tapi saya cuma pengen orang lain tahu betapa susahnya saya bangun tidur setiap harinya. Bahkan saat weekend. Betapa saya ingin agar mati secepatnya. tapi tidak berani bunuh diri. pic.twitter.com/jgMIsX2mXq;;;;1,06E+18;https://twitter.com/soocolarr/status/1059822529215377408
Annigorjess;19/11/2018 11:10;0;0;Bahasa Inggris saya jelek sekali, perlu berulang2 membaca ..buka tutup translater... Tpi saya merasakan depresi yg dirasakan, sama seperti yg pernah saya rasakan. Masi berjuang memerangi efeknya hingga sekarang.;;;;1,06E+18;https://twitter.com/Annigorjess/status/1064370251687575552
bidewdari;18/11/2018 20:22;0;0;Saya pikir karena berhenti diet nafsu makan menurun. Setelah kembali diet malah makin turun nafsu makan. :(( Aku ini depresi minor karena tugas akhir kayaknya.;;;;1,06E+18;https://twitter.com/bidewdari/status/1064146843456593921
jhounspark;16/11/2018 16:49;0;0;"HADUH MENANGIS :) ADHD KU DEPRESI RINGAN KU KAPAN KAMU SEMBUH SAYA LELAH //""";;;;1,06E+18;https://twitter.com/jhounspark/status/1063368392105648128
cifggarete;14/11/2018 19:57;265;50;"semua ucapan yang berasal dari mulut atau hatiku itu,akan mempengaruhi pikiran saya sendiri dan mengatakan Ya,saya memang tidak mampu"" ""Saya payah"" ""Saya depresi"" ""Saya sedih"" ""Saya tidak layak"" ""Saya benar-benar tidak berguna""""";;;;1,06E+18;https://twitter.com/cifggarete/status/1062691038295281664
Zuherooo;18/09/2018 00:15;0;0;Saya sudah pernah masuk masa insecure sama penilaian org lain, takut salah dan jadi gak enakan. hasilnya malahan jadi overthinking bahkan depresi kepikiran apa yg dilakukan sampe orang bersikap gitu. Bahkan pernah ditolak perempuan karena dia sebel aku dikit dikit minta maaf (1);;;;1,04E+18;https://twitter.com/Zuherooo/status/1041737491949092865
CoffeeHonesty;16/09/2018 21:02;0;0;So on, kebablasan mikir kejauhan di masa depan. Jadinya panik sendiri. Jadinya jatuh sendiri perlahan terhisap dalam lumpur yang ga saya sadari. Alhasil depresi lagi karena mikir kejauhan. Frustasi. Ga bisa gerak. Aware tapi denial juga.;;;;1,04E+18;https://twitter.com/CoffeeHonesty/status/1041326585767325701
sdynai;16/09/2018 01:25;0;0;Setertutup-tertutupnya orang, pasti ttp butuh teman ngobrol. Tuhan menyelamatkan saya dr depresi.;;;;1,04E+18;https://twitter.com/sdynai/status/1041030202879442944
arifauzis;15/09/2018 10:19;0;0;Depresi saya semakin hari semakin parah, saat itu jiwa saya serasa membelah diri... Satu jiwa menyuruh saya untuk mengakhiri semua ini, satu jiwa menyemangati agar saya tetap bertahan�;;;;1,04E+18;https://twitter.com/arifauzis/status/1040802149951664128
arifauzis;15/09/2018 10:14;0;0;Otak dan fisik saya mati rasa... Saya depresi berat, saat berjalan tatapan saya kosong melongpong. Beberapa bulan saya mengucilkan diri saya dari keluarga dan teman2 saya... Setiap hari keluarga saya berusaha menghubungi saya, tapi tidak ada satupun yg saya tanggapi;;;;1,04E+18;https://twitter.com/arifauzis/status/1040800922815746048
arifauzis;15/09/2018 10:06;0;0;Saat ini lah titik terendah semasa hidup saya, jiwa dan otak saya tiap hari mendidih..mempertanyakan sebenernya siapa saya? Apa yg bisa saya lakukan? Saya depresi karena diri sendiri... pekerjaan saya amburadul, bahkan saya tidak bisa berpikir atau melakukan hal kecil...;;;;1,04E+18;https://twitter.com/arifauzis/status/1040799037312495617
cicilionio;13/09/2018 16:23;0;1;Saya manusia dengan depresi yang dibuat sendiri, dan akhirnya bunuh diri seperti solusi.;;;;1,04E+18;https://twitter.com/cicilionio/status/1040169024309477376
GiaPratamaMD;13/09/2018 15:37;210;309;saya ke Belanda, beberapa hari disana, saya keliling kota Amsterdam menelusuri kanal2nya jalan kaki mengasihani diri saya sendiri, saat itu saya bener2 ngerasa ga berharga, kyk sampah, rejected, unwanted, komplit ditemenin lagu2 depresi di earphone saya.;;;;1,04E+18;https://twitter.com/GiaPratamaMD/status/1040157528082997248
leveniamarta;10/09/2018 18:37;0;0;Apa lebih baik saya mati? Kerja ndak dapat-dapat, stress berat, siklus haid berantakan sejak lulus kuliah. AKU JUGA BISA DEPRESI;;;;1,04E+18;https://twitter.com/leveniamarta/status/1039115637228855296
sliceofmemories;24/08/2018 17:28;0;0;Mengalami stress dan depresi. Hal2 diatas adalah pengamatan saya pribadi di lingkungan sekitar saya.;;;;1,03E+18;https://twitter.com/sliceofmemories/status/1032937599172718592
Luthfie_Mpy;23/08/2018 19:25;0;0;Masalahnya saya udah depresi karena jauh dr temen2 dan keluarga. Saya udh coba berteman dengan temen2 kantor tp ternyata mereka pun ada kehidupan, ga bisa ajak mereka main kapanpun. Mungkin salah saya juga, karena pindah kesitu cuma karena dia dan nyari uang. Hehehe.;;;;1,03E+18;https://twitter.com/Luthfie_Mpy/status/1032604619770191872
munfess;22/08/2018 20:00;1;2;-rl Udah 1 tahun lebih saya depresi, dan gak kunjung sembuh karena takut reach out for help, cuma bisa bergantung sama obat. Kalau saya reach out for help apa akan ngebebanin temen dan keluarga saya?;;;;1,03E+18;https://twitter.com/munfess/status/1032251099992838145
polarbluesky;22/08/2018 16:58;0;0;"Ibu saya kaya gini. Saya depresi dan suicidal. Tiap kali saya kumat parah, ibu malah bilang jangan nurutin apa kata setan"" hhh""";;;;1,03E+18;https://twitter.com/polarbluesky/status/1032205430989107200
nihunamegua;18/08/2018 15:21;0;0;sudah. hasilnya sekarang saya depresi, tapi orang tua ga ada yg tau.;;;;1,03E+18;https://twitter.com/nihunamegua/status/1030731294542417922
wateimelon;18/08/2018 08:45;0;0;saya, sama kaya kamu. gak berani bilang siapa-siapa, takut. ibu saya pun sama seperti itu, suka marah-marah, dan saya takut kalau bilang. sampai saat ini rasanya depresi sendiri karena hal itu. saya pun sempat konsul dan beberapa kali melakukan test psikolog online, dan hasilnya;;;;1,03E+18;https://twitter.com/wateimelon/status/1030631808797274112
rlthingy2;10/08/2018 11:55;0;1;/rlt saya sedang mengalami anxious dan depresi.kebetulan saya tgl sendiri di negeri org. Drtd saya gak berhenti nangis. Mungkin sekiranya ada yg bs kasih saya kata2 yg menenangkan? Atau ayat2 dari bible. Terima kasih;;;;1,03E+18;https://twitter.com/rlthingy2/status/1027780387898978304
bukangitasav;10/09/2018 01:54;0;0;Maaf saya depresi, bukan kesepian.;;;;1,04E+18;https://twitter.com/bukangitasav/status/1038863336358666240
zaki_amani;09/09/2018 12:01;0;0;Saya depresi;;;;1,04E+18;https://twitter.com/zaki_amani/status/1038653616481943552
shifairs;09/09/2018 00:06;0;0;Saya kemarin sampai membuat video yang berisi tentang pengalaman dalam mengatasi depresi. Termasuk berkonsultasi dengan psikolog. Tapi saya belum berani share ke publik. Karena saya sendiri belum siap mental.;;;;1,04E+18;https://twitter.com/shifairs/status/1038473723790090241
anonimlyfe;07/09/2018 21:04;0;0;Melihat tanda2 depresi ringan, sepertinya saya dlm masa itu;;;;1,04E+18;https://twitter.com/anonimlyfe/status/1038065581994340352
ARINxTN;07/09/2018 20:59;0;0;saya depresi;;;;1,04E+18;https://twitter.com/ARINxTN/status/1038064119880937472
ThrieWahyoeW;07/09/2018 09:42;0;0;Saya penderita depresi, awalnya kata dokter hanya gejala depresi tapi yang saya rasakan melebihi dr prediksi dokter. Mohon sarannya dok, saya merasa sangat berat dan kehilangan jati diri saya jg bahkan saya hampir tdk mengenali diri saya. Saya pun jg gagal fokus, tanpa ada suport;;;;1,04E+18;https://twitter.com/ThrieWahyoeW/status/1037893891549159425
hanitya;06/09/2018 08:43;0;0;Dokter, sampai kapan pengobatan depresi saya berakhir? Saya capek Lama mba..;;;;1,04E+18;https://twitter.com/hanitya/status/1037516723270774784
12am12am12am;05/09/2018 20:57;0;0;saya depresi dan saya menyerah.;;;;1,04E+18;https://twitter.com/12am12am12am/status/1037339015215607808
Far_away90;04/09/2018 13:55;0;3;"Saya juga sering om, dengan berbagai tekanan hidup, coba cerita ke beberapa orang yg ada selalu sindiran, drama, bahkan ada yg ngejudge saya ga becus. Ada juga yg bilang kamu msh mending, saya dulu bla bla bla"". Tambah bikin depresi""";;;;1,04E+18;https://twitter.com/Far_away90/status/1036870431611875328
josephine_joey;03/09/2018 13:30;2;3;Saya mengalami jalan buntu.. karena toxic person adalah anggota keluarga sendiri (ayah). Dan memenuhi gejala narsisistik/sosiopat. Dan krn agama yg kami anut, maka tidak bisa bercerai. Tahun ini ortu ultah pernikahan ke 31. Dan saya mengalami depresi menahun. Not easy at all;;;;1,04E+18;https://twitter.com/josephine_joey/status/1036501795038670851
lovelynnisa;03/09/2018 10:59;0;1;Saya sempat menyimpan depresi yang saya alami akibat pekerjaan dalam waktu lama, dan saya merasa sangat kesepian. https://www.vice.com/id_id/article/xwwg5a/menggeluti-profesi-jurnalis-tak-bagus-bagi-kesehatan-mental …;;;;1,04E+18;https://twitter.com/lovelynnisa/status/1036463685063954432
Dwiemy27;02/09/2018 18:51;1;3;Baru sekarang saya menyadari pencetus depresi utama di hidup saya adalah orang-orang yang gak mengerti saya tapi mencoba membuat saya jadi orang lain sesuai dengan standar mereka, dan jika kamu berbeda dari mereka, kamu dianggap tidak ada. # introvertlife;;;#;1,04E+18;https://twitter.com/Dwiemy27/status/1036220177161977857
rlthingy;09/08/2018 13:20;0;0;/rlt/ gua lagi bergelut sama depresi gua, dan ada dapet email kaya gini. Tuhan tau banget memang menyengangkan hati umat-Nya. Maafkan Saya dan Terimakasih ya Allah. pic.twitter.com/UemFMtwi7A;;;;1,03E+18;https://twitter.com/rlthingy/status/1027439446717693952
phIqbl;30/08/2018 22:23;7;1;Apakah saya stress?iya. Apakah saya depresi?mungkin iya. Apakah saya gila?dari lahir. Apakah saya menjijikan?ya, tentu. Kesimpulan: Kurang perhatian, Krisis kepercayaan diri, dan selalu berekspektasi tinggi.;;;;1,04E+18;https://twitter.com/phIqbl/status/1035186141656375297
clarassatid;30/07/2018 17:57;0;0;Dear orang tua diseluruh dunia. Jangan bertengkar didepan anak kecil. Saya depresi;;;;1,02E+18;https://twitter.com/clarassatid/status/1023885275657789441
txxkah;29/08/2018 21:38;0;0;Dan sang adiksi ini sengaja saya munculkan dalam benak sebagai distraksi atas rasa depresi yang saya alami belakangan ini. Kasarnya, sang adiksi adalah obat penenang.;;;;1,03E+18;https://twitter.com/txxkah/status/1034812431590019072
ERPETLS;28/07/2018 19:43;0;0;[RPW] boleh kasih saya semangat gak ? Saya lagi down banget. Masalah rl saya buat depresi saya muncul lagi [];;;;1,02E+18;https://twitter.com/ERPETLS/status/1023187101196533760
chintiadeap_;27/08/2018 21:06;0;0;Stress berkepanjangan membuat saya depresi;;;;1,03E+18;https://twitter.com/chintiadeap_/status/1034079630645325824
_ishidakun;02/11/2018 14:26;0;0;Aku murung selamat tinggal dunia aaaaaaaa pic.twitter.com/C9OewMP6ME;;;;1,06E+18;https://twitter.com/_syvfiq/status/1060062984637018112
adarabellv;06/11/2018 16:37;0;0;Gue ambyar. Selamat tinggal, dunia.;;;;1,06E+18;https://twitter.com/MohamadSapuan96/status/1059798571405402112
AininJamal;08/10/2018 16:57;0;1;selamat tinggal dunia;;;;1,06E+18;https://twitter.com/mddba/status/1059496589373272064
arham_oelda;28/10/2018 08:35;0;0;Selamat tinggal dunia;;;;1,06E+18;https://twitter.com/frhsrya/status/1058746683880759296
deymimi_;06/11/2018 00:59;0;0;Ok selamat tinggal dunia;;;;1,06E+18;https://twitter.com/nadhirohhhhh/status/1056886629317533696
ehdayahsmd;31/10/2018 18:02;0;0;selamat tinggal dunia yang membuang masa,penuh penipuan dan sia sia.;;;;1,06E+18;https://twitter.com/erinisgood/status/1055854448772210688
etherealin;06/11/2018 17:12;0;0;YA ALLAH AKU SUDAH TIDAK SANGGUP LAGI, SELAMAT TINGGAL DUNIA pic.twitter.com/NAXnFJqNtu;;;;1,06E+18;https://twitter.com/Mutekondria/status/1060166659485233152
eunddio;06/11/2018 17:01;0;0;Selamat tinggal dunia yang kejam pic.twitter.com/CFHSUPLix2;;;;1,06E+18;https://twitter.com/leehayoo1212/status/1060150847047233542
gimjunguwu;05/11/2018 20:57;0;0;Selamat tinggal dunia. pic.twitter.com/dMr2CoW7nM;;;;1,06E+18;https://twitter.com/MezDoang/status/1059301411479928832
heyyzatii;30/10/2018 01:02;0;1;Aku sudah give up. Selamat tinggal dunia;;;;1,06E+18;https://twitter.com/jiowoong/status/1058665442661740544
hieetokkie;07/11/2018 10:28;0;0;Aku mengucapkan selamat tinggal pada dunia;;;;1,06E+18;https://twitter.com/sheetposting/status/1058639372411498496
HmzhAbd;05/11/2018 00:55;0;1;Selamat tinggal dunia;;;;1,06E+18;https://twitter.com/Jagoanmantan/status/1058598094055456773
izzatiwahab98;01/11/2018 21:27;0;0;Selamat tinggal dunia I can't stay anymore;;;;1,06E+18;https://twitter.com/meireza_dwiputr/status/1057825045920153600
J1998NCT;05/11/2018 20:49;0;0;Selamat tinggal dunia. pic.twitter.com/qwyTLUMJmR;;;;1,06E+18;https://twitter.com/slestaar/status/1057785267044511745
minsung_4lyf;06/11/2018 15:55;0;0;selamat tinggal dunia..;;;;1,06E+18;https://twitter.com/hipeldychalean/status/1060220580169887744
myeontwtt;21/10/2018 22:13;0;0;BYE SELAMAT TINGGAL DUNIA;;;;1,06E+18;https://twitter.com/Ranput2407/status/1060185469621661700
nr_imahh;05/11/2018 15:40;0;0;Selamat tinggal dunia yang indah :'(;;;;1,06E+18;https://twitter.com/afridasiagian/status/1060091142937632769
qqamarinaa;05/11/2018 20:01;0;0;selamat tinggal dunia;;;;1,06E+18;https://twitter.com/raaahmaa_/status/1059827591136403458
sasongkoo_;16/10/2018 01:47;0;0;maaf. aku menyerah. selamat tinggal dunia;;;;1,06E+18;https://twitter.com/febyraisa/status/1059740668665319424
sitinuur_ainaa;05/11/2018 22:27;0;3;Selamat tinggal dunia;;;;1,06E+18;https://twitter.com/jovv68/status/1059492470600294400
wogyurt;20/10/2018 20:13;1;1;selamat tinggal dunia.... pic.twitter.com/AFHZV2637P;;;;1,06E+18;https://twitter.com/HmzhAbd/status/1059142085608161281
sydwafie;11/11/2017 23:11;0;0;Selamat tinggal dunia;;;;9,29E+17;https://twitter.com/sydwafie/status/929381062844628992
Iblieeezt;08/11/2017 06:01;0;0;Selamat tinggal dunia, bila tak ada lagi teman sejati yang jujur, tepat janji dan saling mengerti.;;;;9,28E+17;https://twitter.com/Iblieeezt/status/928034758398844928
okiajisukemi;24/10/2017 18:33;0;0;Selamat tinggal Diah,selamat tinggal dunia,selamat tinggal semuanya ,aku harus pamit mau pulang,sampai ketemu di akhirat;;;;9,23E+17;https://twitter.com/okiajisukemi/status/922788061418749953
snaeun61;23/10/2017 20:15;0;0;Selamat tinggal dunia;;;;9,22E+17;https://twitter.com/snaeun61/status/922451439393292288
xsteelusion;23/10/2017 14:33;0;0;Selamat tinggal dunia;;;;9,22E+17;https://twitter.com/xsteelusion/status/922365296471523329
jwuonwoo;19/09/2017 20:34;0;0;Selamat tinggal dunia. . . .;;;;9,10E+17;https://twitter.com/jwuonwoo/status/910134929060634625
azwr_ahmd;19/09/2017 18:19;0;0;Selamat tinggal dunia.....;;;;9,10E+17;https://twitter.com/azwr_ahmd/status/910101055735701505
kenyangmcd;02/07/2018 08:59;0;0;Selamat tinggal dunia;;;;1,01E+18;https://twitter.com/kenyangmcd/status/1013603078837112832
devanmalvine;01/07/2018 22:19;0;0;Selamat tinggal dunia;;;;1,01E+18;https://twitter.com/devanmalvine/status/1013441933056720896
lee_haiy;01/07/2018 15:46;0;0;selamat tinggal dunia aja deh :'));;;;1,01E+18;https://twitter.com/lee_haiy/status/1013342955472449536
Maknaechansik;01/07/2018 13:08;0;0;Selamat tinggal dunia;;;;1,01E+18;https://twitter.com/Maknaechansik/status/1013303194988867585
httpescapes;30/06/2018 17:27;0;1;selamat tinggal dunia.;;;;1,01E+18;https://twitter.com/httpescapes/status/1013006217516482561
myerzahashimm_;30/06/2018 17:04;0;2;Kau bijak kau pandai. Takda doa orang tua. Selamat tinggal dunia.;;;;1,01E+18;https://twitter.com/myerzahashimm_/status/1013000325609877504
joehannchin;30/06/2018 15:01;0;0;Selamat Tinggal Dunia;;;;1,01E+18;https://twitter.com/joehannchin/status/1012969452495777794
sibismi;29/06/2018 22:12;0;0;( Selamat tinggal dunia. ) pic.twitter.com/SIq50ylXWu;;;;1,01E+18;https://twitter.com/sibismi/status/1012715394094600192
annyeonggoyangi;29/06/2018 18:07;1;0;Selamat tinggal dunia pic.twitter.com/71ZOTUdyik;;;;1,01E+18;https://twitter.com/annyeonggoyangi/status/1012653884790079488
aimhkji;29/06/2018 17:37;0;0;oqe selamat tinggal dunia https://twitter.com/ultchanyeolpark/status/1012646081270870016 …;;;;1,01E+18;https://twitter.com/aimhkji/status/1012646263836139520
pjhnugu;29/06/2018 15:22;0;0;SELAMAT TINGGAL DUNIA, AKU MAU LOGOUT DARI DUNIA;;;;1,01E+18;https://twitter.com/pjhnugu/status/1012612376263196673
Cactaceaexy;29/06/2018 14:12;0;0;Bye selamat tinggal dunia pic.twitter.com/KXWvbckXSG;;;;1,01E+18;https://twitter.com/Cactaceaexy/status/1012594607060803585
wanzaki_suhaimi;28/06/2018 13:41;0;4;Ya allah aku masih x boleh move on dgn mejemen paper2 td. Selamat tinggal dunia..;;;;1,01E+18;https://twitter.com/wanzaki_suhaimi/status/1012224394536443904
firesakura2411;28/06/2018 11:07;0;1;selamat tinggal dunia....... kenapa dunia ini tidak berlaku adil..... # dramapic.twitter.com/KW8F9iRnI9;;;#;1,01E+18;https://twitter.com/firesakura2411/status/1012185703860428800
HazraiZulkifri;27/06/2018 04:30;0;0;Selamat tinggal dunia yang selalu menyakitkan;;;;1,01E+18;https://twitter.com/HazraiZulkifri/status/1011723387134046208
HazraiZulkifri;27/06/2018 04:30;0;0;Selamat tinggal dunia pahit;;;;1,01E+18;https://twitter.com/HazraiZulkifri/status/1011723302648229889
nramirh_;26/06/2018 19:20;0;0;selamat tinggal dunia saya pergi duluuu;;;;1,01E+18;https://twitter.com/nramirh_/status/1011584962431102977
roseaneurl;25/06/2018 22:12;0;0;Selamat tinggal dunia;;;;1,01E+18;https://twitter.com/roseaneurl/status/1011265853407391744
hajmiaguswika;24/06/2018 20:44;0;0;Katakan selamat tinggal untuk dunia;;;;1,01E+18;https://twitter.com/hajmiaguswika/status/1010881338566631424
ikonceawhale;24/06/2018 15:01;0;0;oke, selamat tinggal dunia :') .g;;;;1,01E+18;https://twitter.com/ikonceawhale/status/1010795066749640704
chilloutminds;24/06/2018 01:37;0;0;Dadah selamat tinggal irin...selamat tinggal dunia;;;;1,01E+18;https://twitter.com/chilloutminds/status/1010592646782308353
lischoooo;22/06/2018 22:33;26;56;Sedihnya. Saya ingin ucapkan selamat tinggal kepada dunia. pic.twitter.com/Pg5XqFkTA3;;;;1,01E+18;https://twitter.com/lischoooo/status/1010183987371728896
